"","V1","V2","V3","V4","V5","V6","V7","V8"
"1",70.1576641008144,1,10,6,0.672346611741851,2.23979223575625,0.637664201019659,-3.84191539055211
"2",75.1728476085412,1,10,4,0.251939392842754,1.81025017981013,1.05003665746069,8.39112587035561
"3",73.49216554149,1,8,6,0.281328416600198,2.24716838664881,0.947495528582879,3.9172376647849
"4",71.6569608067377,1,10,7,0.328873934233935,2.47822268888452,0.361661721584496,-5.05654470399699
"5",65.9982054685988,1,8,4,0.36425425146472,1.67974848030012,0.575510229714166,10.0656185078208
"6",102.37483830792,1,15,5,0.184636002193515,2.47660926424051,1.2428611790682,11.3474135381907
"7",56.493488516201,1,8,3,0.25184365006106,1.27810719429556,0.670052161191678,5.23583697785874
"8",62.1585262144444,1,9,3,0.60108773697738,1.59471459732954,0.58544692426052,7.68540481114002
"9",60.3016821333709,1,8,2,0.494491455277372,1.18044194205284,0.81062490683832,12.8152961007098
"10",78.4447547011145,1,8,8,0.436603088389469,2.79625479893803,0.502552447236971,1.96509749235227
"11",84.6703003793151,1,10,5,0.452080890362019,2.11937139052727,0.55877721378443,16.5859518587814
"12",96.0434704223631,1,11,6,0.328998473758657,2.6740046753663,0.947134853338655,15.8161338946969
"13",45.9670934956032,1,7,4,0.369176547898838,1.58540757628113,0.808349465323775,-8.42995551813698
"14",87.1566180427119,1,12,6,0.455419857934183,2.56537516601095,1.09868560854599,2.28903185015412
"15",83.0130961849222,1,9,5,0.489685860864274,1.99394473695723,0.628286417403792,17.8477340252545
"16",92.8259980024418,1,11,7,0.666949869685685,2.97548489003187,1.0121976177289,6.54788320167566
"17",60.9991927966257,1,9,4,0.193792103440712,1.3073921227656,0.563984227023551,2.23805790479787
"18",65.9501274374428,1,10,4,0.340136702451143,1.8828222125905,0.811539256348627,1.04629345005315
"19",62.7351734278682,1,12,3,0.081050385864534,1.62796554922509,0.995525832302662,-5.10383934421792
"20",69.7674989800452,1,9,6,0.414949772154271,2.18136698996997,0.443072603419298,1.01535225806059
"21",77.1513901202866,1,10,6,0.524986890955219,2.33782020035362,0.730046504911505,2.36618714410321
"22",65.6089242594358,1,9,7,0.240204948318825,2.44180352106725,0.580896288634414,-9.45653105515187
"23",57.2787921840282,1,6,4,0.414479603492477,2.20270651946164,1.27055036483979,1.7547748378169
"24",116.703248340115,1,11,11,0.13854971037767,4.01655768902462,0.940747429758415,10.3012824148934
"25",110.574207369653,1,11,12,0.158585054866197,4.00009486511243,0.833160889538284,0.0804099994988752
"26",102.179194140196,1,9,10,0.305464914185152,3.29182881190042,0.528623227840173,11.6636512659273
"27",73.0131074303729,1,6,8,0.425996644487433,2.9790543849223,0.759372150998286,0.999728990372482
"28",60.1920152353011,1,9,5,0.345129686149687,2.28503125463484,0.832006997408262,-6.88895260925296
"29",104.546741421037,1,11,9,0.583060004897034,3.45152561486862,1.47497856987586,3.95555981627338
"30",62.5865475719898,1,9,3,0.42812429595831,1.37650930560089,0.817221278947505,6.48850494565492
"31",71.5214383610859,1,10,4,0.612409372685827,1.66367047261876,0.841402891259032,6.42253797827982
"32",91.6420016123717,1,10,8,0.714753947746911,3.37843366239454,1.30301177313259,0.889416687015236
"33",67.4284643225298,1,7,7,0.58547513215756,2.62049971624007,0.517409993237411,-0.689564416199096
"34",55.6731136901836,1,5,5,0.405248338641878,1.99169388775126,0.767675375551866,2.98979764461151
"35",71.0188056868341,1,9,5,0.571008044960699,2.07177567969891,0.520161721984208,6.63506671549144
"36",107.603639038786,1,11,13,0.657854528162118,4.68755143476389,1.17341752650293,-11.7353323355
"37",94.3302916367117,1,11,7,0.200872500999038,2.52371658023825,0.23456197228082,15.3157309887152
"38",64.704120394568,1,6,8,0.382902598558747,2.84854031086144,0.985710250684276,-9.05412758117661
"39",48.5320615085037,1,8,3,0.187473947719368,1.74706664532404,1.03399606725597,-6.2130564704021
"40",71.4308916386743,1,7,6,0.549864472157118,2.27312483729645,0.728069674721406,6.91206285042374
"41",92.9514576593667,1,10,9,0.214571167664304,3.10442195047374,0.585120742942124,3.80327876758051
"42",51.3890814159789,1,9,2,0.522075507599012,1.00350572570378,0.58099018559006,2.59201282675916
"43",68.5937896896238,1,10,4,0.526816376316389,1.38024129239144,0.395516607333132,7.57511906984422
"44",83.6935715223937,1,10,8,0.432694244866747,2.64296953517415,0.314595277129556,2.1483851124112
"45",94.1991330274633,1,10,8,0.156008674339339,3.02374875233811,0.667239967182348,9.47696334618984
"46",84.377327204724,1,10,8,0.295824011597155,2.63449104417203,0.493368051971699,1.42105011703139
"47",46.4441074253919,1,9,3,0.587203582800298,1.32123495934588,0.746630042079373,-9.10114203710083
"48",87.1786655642015,1,10,6,0.457064874695365,2.34353896827331,0.727733758741443,12.4479240976828
"49",110.95002415134,1,11,11,0.366235234494812,3.63754967299325,0.497109385709925,8.5170144976863
"50",58.6452862495097,1,10,2,0.288770265641346,1.23776487605091,1.10699114148782,1.93553362557631
"51",93.9580847767142,1,5,9,0.213582778977644,3.20347023438253,0.701763106327531,20.7316547817938
"52",62.4299675476668,1,8,3,0.545376900691286,1.42315595916997,0.512942583427894,12.1708677472877
"53",60.5111318800987,1,5,5,0.430339376384588,1.86080202571291,0.547530852053954,9.79286707130188
"54",64.2345296669312,1,9,4,0.606286108519477,1.63115577646762,0.34265842867467,6.76127142448463
"55",55.6494396698824,1,8,6,0.479435522645673,2.56544206710102,0.877678703304971,-13.7761648185678
"56",79.6979535797897,1,11,6,0.370408242237011,2.24657751454138,0.689281049955833,2.03917030027714
"57",69.9581847968967,1,9,4,0.266135301919456,1.74680468756857,0.324558537796939,12.7254072106822
"58",74.1098078611506,1,8,6,0.402843538443163,2.50640047164185,0.7437931295714,5.91383897804305
"59",87.6212689197402,1,12,7,0.444013137276922,2.71702026853832,0.578054600388589,1.98218212557157
"60",73.5050591174966,1,8,6,0.410879424280565,2.49592148063425,0.824759519432833,4.63463001905817
"61",110.298051843023,1,10,12,0.781732727120464,3.93151671691408,0.790008964655423,3.26142018673077
"62",77.026616541001,1,8,7,0.313357300578964,2.83969442924152,1.12978619583221,0.308703686421491
"63",56.5086392616418,1,9,3,0.5912641174704,1.15872319903551,0.507514050481852,3.13203956807651
"64",68.6110808524179,1,10,6,0.341646157605003,1.95970426042515,0.637082234477288,-4.90510187217944
"65",51.2746658731008,1,9,4,0.396920510187686,1.2975310162649,0.296128256954809,-5.34849480769712
"66",73.4081172852891,1,10,6,0.408586125750139,2.32319030271503,0.852858044730029,-2.32423226860827
"67",81.6415276022615,1,8,9,0.212608467686003,2.94964852915261,0.665408032037281,-1.22511347661591
"68",64.8199038099087,1,9,3,0.321976470624863,1.1715062380652,0.479374649225593,11.8284646359736
"69",54.714815067383,1,6,4,0.672929870148599,2.10834005844356,1.27333471639642,-0.893294530879665
"70",72.2129965578154,1,11,2,0.406952665925543,0.974211713903561,0.530833744202262,17.1356097930576
"71",50.6852827211315,1,5,4,0.154176790862123,1.7721869754303,0.711668550471786,3.84257384722094
"72",77.2448103986135,1,7,7,0.24342299685204,2.61437509219551,0.552789803392724,9.04094715980786
"73",85.1251066894746,1,11,5,0.339236198853544,2.54658173768582,1.15650556811373,8.26033646032137
"74",93.9118587259298,1,11,8,0.610371892552175,3.03899557720715,0.511582987832531,6.80934291539806
"75",60.0434894682769,1,10,3,0.395327822817562,1.36377682552475,0.859523383315702,0.222519529209704
"76",66.0248259123259,1,7,5,0.179592635987165,2.7891150084578,1.96614284995062,-4.18764461730939
"77",64.6896335449426,1,10,6,0.433157578665757,2.34805703471581,0.701391659232506,-9.81000797452574
"78",62.2940916845234,1,8,4,0.480640702730093,1.51901302710296,0.651362430970085,5.81524981563363
"79",85.5508983916452,1,13,7,0.535008683718314,2.37973475345353,0.261628481245979,-0.547520814505502
"80",84.2551708408262,1,11,4,0.509783378548279,1.83984117896711,1.08594953617223,13.5874835308834
"81",83.6580037892329,1,8,7,0.377203004415992,2.79835762369845,0.824955433167144,9.50369872428079
"82",82.5431584583882,1,10,6,0.407981511395131,2.32464542845025,0.556781379607886,9.29676053439461
"83",76.4788278507945,1,10,6,0.399921015205992,2.1209712775367,0.499845510011101,3.91920168004091
"84",59.0716797674846,1,8,3,0.545329174998482,1.40203483064234,0.793775886076497,6.47472998880059
"85",77.2348649404375,1,10,7,0.449171294409047,2.17221623706709,0.184299086970946,2.24503359616903
"86",78.2865259226499,1,10,7,0.288072729579481,2.78133267320682,0.895436812994088,-3.1893196174549
"87",100.130697163984,1,9,8,0.516677949297834,2.99040016575803,0.685706314785429,18.4703571844497
"88",70.7706962810995,1,9,5,0.391691753206766,1.79701217776362,0.599410231977362,6.10362310280199
"89",65.5762051139232,1,9,8,0.41650129979352,2.825971469062,0.358239844165189,-13.1088818260025
"90",69.3547649209318,1,9,4,0.409455954743385,1.81674293826804,1.03816339216761,5.97177591560978
"91",65.4482656809973,1,9,3,0.4172513779875,1.00607736597132,0.278293555911462,14.2541716185772
"92",74.9811437931103,1,13,5,0.556307697424323,1.94512157228245,0.476884195615317,-2.50358964079537
"93",71.0027710173831,1,7,8,0.36182551918132,2.97776247609105,0.93218990854522,-5.8224820019966
"94",68.481825996073,1,9,5,0.21824744833297,2.05980839916102,0.664959729581704,3.10540739942586
"95",82.4985093895094,1,12,5,0.660538033603099,1.68269132939117,0.456486248109918,8.78501075583307
"96",62.2425789855549,1,9,7,0.46514691995766,2.28400967803765,0.266855758658358,-10.1621072171876
"97",68.5963708486921,1,10,5,0.658746066982736,1.7189337874562,0.47778398436546,1.46880395237643
"98",73.3128952796073,1,11,6,0.511366122686836,1.94193408176665,0.675459196465376,-4.00971572608061
"99",77.9819208471882,1,9,10,0.385640241754336,3.07353393711434,0.248436892281814,-10.009867130146
"100",74.5690338956,1,11,5,0.511509835351485,1.97066810016522,0.968692428752114,-0.24555650729384
"101",56.1559719530769,1,8,4,0.366690617413969,1.88742991324239,0.888604198324012,-2.61574759653553
"102",92.5342862013139,1,10,7,0.270763746445546,2.30139143765929,0.53269455794577,14.5958022290428
"103",82.4488870586865,1,12,4,0.519080271075078,2.05371898530476,1.10040477915695,8.04031976581829
"104",101.352765578143,1,10,7,0.391502935139968,2.79891576689829,0.579141230690759,22.454161712358
"105",108.965758798126,1,10,12,0.509802423227904,4.02364318086944,0.533509578235706,4.15475370613958
"106",79.0499603587219,1,8,6,0.279312313959284,2.03643406948357,0.523214734559188,13.2509351305656
"107",75.1217002650971,1,11,6,0.197793631520655,2.04773950149708,0.453223464176111,-0.251792514391666
"108",72.8531722977664,1,8,7,0.216330948814146,2.66644109036018,0.544214645938002,1.28552961223856
"109",80.4166668643477,1,10,6,0.257498882965345,2.26580327240049,0.60250685686366,6.93530666451326
"110",56.5491743423029,1,5,3,0.434650732694678,1.44563726971502,1.05586403087223,11.9734887736444
"111",89.5653848652412,1,10,7,0.353914163260001,2.49064934229668,0.692573502838501,10.0447696011451
"112",73.1572636803386,1,6,7,0.317987622356818,2.74750917857735,0.992272148400812,4.48387588178039
"113",52.0625311681696,1,9,4,0.39262616416966,1.48404063866999,0.435083248316319,-5.91178445485924
"114",61.0422125054646,1,7,4,0.634408729642755,1.87402410630152,0.770186042701392,6.51798040268573
"115",55.2360716562861,1,11,4,0.474792186184211,1.56258719017788,0.302786435167955,-8.5547969010131
"116",91.9967300114656,1,10,7,0.211438618227247,3.02989871756392,1.08474826486606,8.72808269809039
"117",85.7976476913021,1,8,9,0.363380643288552,3.16197527653791,0.369808438149335,5.11125314833664
"118",34.2105077175686,1,6,3,0.400007444478838,1.06945564128539,0.447431127888672,-8.25737386466889
"119",67.1152296006224,1,10,4,0.614136206052489,1.18072740140773,0.366380252121464,6.48842635776291
"120",99.9424078556524,1,12,6,0.455401464870018,2.36791495358937,1.35753753615884,13.0979367194067
"121",83.3471379014562,1,11,8,0.392796769047539,2.70336915170117,0.339532025547816,-1.84397832627512
"122",122.149391585663,1,9,13,0.474083568103399,4.25355922902528,0.616141367690374,14.8357947271761
"123",92.5683251557637,1,14,6,0.278693483260023,2.11773211415667,0.44329081669214,6.95973409143708
"124",100.378931399572,1,13,7,0.263944167117362,2.55886924276935,0.467810382253689,12.5320884456009
"125",70.4262919601216,1,8,3,0.365237522392123,1.91124417975802,1.20338587287168,13.9874639348062
"126",75.8088164422137,1,12,6,0.358618492712739,1.95381161220646,0.335688333814501,-1.97994826966224
"127",86.6867000422307,1,12,4,0.157973769705181,1.80764385974875,0.716352171812495,15.9669136774339
"128",51.6053857939097,1,6,7,0.389830148097914,2.60486769312432,0.676444370659234,-14.3155127016109
"129",89.2917124457897,1,11,7,0.197748743967466,2.83455073970697,0.83514657873131,4.92328119835925
"130",71.4636299819985,1,8,4,0.30040874316058,1.70717180440982,1.09662164053384,11.164591151208
"131",83.5160290479917,1,12,5,0.455482522203062,2.19365257733415,0.582345001640277,8.35738894355741
"132",65.8953294344042,1,10,4,0.450496676571251,1.67888503147099,0.53312191733933,3.46792229134007
"133",66.6461401718554,1,7,6,0.371748239760384,2.24406831053485,0.804521448853514,1.62104274709478
"134",108.046605126858,1,10,10,0.56306624651983,3.90104224916271,1.12178260395105,8.38474925659489
"135",79.4159189516132,1,11,5,0.214721188820365,2.26326416829814,1.11755075451501,3.23639573209669
"136",71.7488571001037,1,11,4,0.714952594720745,1.50033223056717,0.503375253363593,6.19120118444994
"137",75.3897779364889,1,7,6,0.474002261589596,2.73594767611515,1.20598203995883,6.43917976776576
"138",67.0965025736797,1,10,6,0.515405850890081,2.37535509428934,0.287844304820604,-4.0059881916367
"139",82.5801383113907,1,13,6,0.65408060338261,1.79855992128018,0.295542982155064,1.70656897797845
"140",88.0991421068381,1,7,8,0.540175483883424,3.01665437063538,0.827345911471678,12.0086767895106
"141",44.785222941423,1,5,2,0.399680317015945,1.24746303187379,0.706348581342193,8.36462363606523
"142",55.4685320706767,1,4,6,0.2994021571077,1.77512246940512,0.245006166857296,5.8557165054057
"143",66.6395352436155,1,9,5,0.214672751819092,2.02256969727692,0.799532979311961,0.172084869026627
"144",89.1242192402499,1,8,9,0.578363342821054,2.94729839169728,0.266735686068119,9.38932307988779
"145",86.2764472449801,1,11,8,0.520614406717659,2.87571883324165,0.445987739479162,-0.0579372439171033
"146",65.6427902060602,1,7,6,0.335668493158409,2.42797346973125,0.851247558948729,0.0629361452646302
"147",63.6637721526461,1,7,4,0.315708990775414,1.55010260293577,0.808510207576315,9.332758411604
"148",34.2603081911822,1,7,2,0.325891356767416,0.827484194802693,0.712837842248847,-8.55054869257127
"149",75.9506112123265,1,11,4,0.43111922790777,1.6556890643904,0.399817075526891,11.2777871767656
"150",78.8479769106747,1,9,5,0.373358238641608,1.72413830092434,0.422583358950743,15.7501234513792
"151",73.0908119961387,1,10,6,0.539033943284587,2.06612179155334,0.533846483670491,0.216959375782491
"152",60.7273498882965,1,9,3,0.390244975698001,1.65917392190365,0.661776878213598,5.67510320397979
"153",92.4937252822967,1,11,8,0.463808235042864,2.73485608988132,0.48663339503857,5.99286373306566
"154",59.1651466954929,1,10,3,0.303546944230794,1.43767690597973,0.559406076785668,1.84633057797508
"155",58.5481569860114,1,5,6,0.402897582064027,2.37876086963861,0.613379450883358,1.77527017971417
"156",97.2088466847919,1,11,8,0.48199246175608,3.17553622562688,0.887996842175863,6.88494150783407
"157",62.7167079546489,1,9,5,0.50080184248542,2.06503329691866,0.578623062915582,-2.10924017625193
"158",112.662931610443,1,9,11,0.638558908962122,3.76163427712477,0.632715863888336,15.6033487312791
"159",101.578429155174,1,10,10,0.465095586183854,3.4017026018152,0.730316831602592,5.76300781618643
"160",86.4544255975817,1,12,5,0.475269105111273,1.89472514843274,0.6573081813313,10.9531502628993
"161",50.7772495861828,1,8,4,0.433768925645321,1.26582321014623,0.3849632640367,-3.1825263972589
"162",82.443633738323,1,10,9,0.584819814739389,3.14620659912588,1.00868325230211,-10.5264040689843
"163",93.2361264003788,1,12,5,0.31167623929556,2.41992158772224,1.26646183309963,12.1909196710423
"164",98.781434218572,1,10,8,0.55141885539012,3.28605909641328,1.21322444624088,8.97343846050128
"165",87.1468013494658,1,8,7,0.527694425127405,2.62637903572876,0.822751248398106,13.0926951721165
"166",49.0781223455496,1,7,5,0.429083827739285,1.76563610746975,0.251233930152808,-5.85532907184728
"167",56.9790720866748,1,9,1,0.520040914492252,1.08720421842474,0.678350990493685,12.2816949994078
"168",85.007664279617,1,6,10,0.265717050036897,3.86518781008515,1.10135594176012,-0.668343671275291
"169",80.9164641729883,1,10,7,0.272400523538799,2.84261718980031,1.05458834356136,-1.9481354168507
"170",85.0489604970565,1,12,7,0.379058321329011,2.6883438770678,0.662498174875709,-1.23180304176471
"171",87.9046587272079,1,8,8,0.732324831493443,2.91472588277496,0.471173996497552,11.3926763749574
"172",90.9593857830841,1,14,4,0.107348322517671,1.87874045965742,0.80802855373606,12.6287964785332
"173",50.2327745733722,1,12,2,0.282571976410354,0.827376413012901,0.443448777634468,-7.2891147576164
"174",86.901079482736,1,5,8,0.340259101810388,3.42366400779901,1.60373781780648,10.8018623442763
"175",90.9487079493359,1,10,8,0.445773016833906,2.74246903489884,0.688777348825993,6.15304537419835
"176",68.8768116802055,1,9,3,0.515471809250982,2.02282412552966,1.37244719328813,7.41614804550494
"177",95.8740731589435,1,9,9,0.475059115732128,2.93767673722951,0.677056125211718,9.36408950049629
"178",91.2979142252468,1,9,7,0.356971381304355,2.53709371819183,0.406706516050075,17.5303029434517
"179",95.7712255551867,1,10,9,0.26839460834301,3.26497489514747,0.711435878799334,5.36915251311901
"180",81.847324299138,1,9,7,0.369647839309724,2.87627528635974,0.743065576437044,4.90750946712121
"181",68.6035047304203,1,8,6,0.475845948464996,2.55580088583483,1.04220695953818,-2.1923421846143
"182",112.254706503662,1,11,11,0.336615204600785,4.45760898242443,1.57577750553152,-0.0414026479871517
"183",50.2096934511061,1,5,7,0.433729125869512,2.38901917261244,0.31679357643661,-9.10062923909553
"184",59.2446753833252,1,4,8,0.428406582273828,3.28363119597023,0.838915352246704,-6.94288872088161
"185",77.9132301420372,1,11,7,0.528139693914676,2.49907918400333,0.545796404378215,-3.88742265509195
"186",90.6967204193589,1,10,7,0.500013547376278,2.63550018729017,0.817463665011429,9.89451731754691
"187",87.3875484668142,1,6,10,0.471250581809098,3.36633816389673,0.586915635179966,6.40836861832032
"188",66.55090659109,1,12,3,0.415165822591715,1.78198884356121,1.03779355847426,-1.99764763721002
"189",73.2212939754557,1,9,5,0.692798833412774,2.07129054845654,0.617955152143675,7.9435008489446
"190",68.6259951728232,1,9,5,0.284085079497406,1.91491867619555,0.68815525255183,3.16012132749383
"191",92.1658745123381,1,12,5,0.543588818071358,1.70107422708472,0.346159671078339,19.4309057573525
"192",64.2515223932995,1,9,6,0.28184288156159,2.05188139724088,0.274384997417423,-2.87429871118471
"193",69.6315882581993,1,10,3,0.269155877222537,1.41150832763807,1.29326815124858,6.19513393373961
"194",75.9345857636506,1,8,8,0.351236315380328,2.90479061258628,0.671514914700678,-2.02167192164961
"195",55.892007433435,1,5,6,0.429975615947659,2.05862854236434,0.617012829685315,-0.607514247854612
"196",62.5458436395044,1,8,6,0.540178216075399,2.57615956566406,0.909092377953662,-7.19079883061568
"197",82.7462280770341,1,11,5,0.39628249315303,1.87350147955713,0.473001807394971,12.2617419194674
"198",74.553798053009,1,10,6,0.426229941641485,1.95637880468875,0.523426191239157,1.94490127692643
"199",82.680519803398,1,5,10,0.498585494899954,3.68082240218498,1.18588901785719,-0.260921645727412
"200",55.8619133764563,1,9,5,0.0681808564004074,1.64177117748846,0.427409144952172,-7.01100313247062
"201",70.7157246253697,1,9,5,0.570663853222411,2.35046377496561,0.924095747872854,2.66045825633867
"202",67.9135872368126,1,7,6,0.564250789696463,1.99885887754656,0.360442941798959,6.74845717433696
"203",107.903223586129,1,12,10,0.386277644366103,4.05868153066363,1.46058088936476,-1.45610400181831
"204",89.1369733111245,1,8,9,0.481179640292447,3.05097718898892,0.518119136751605,7.24508758924662
"205",88.7427779524049,1,10,5,0.328741261744141,1.87471217697771,0.68058583829721,19.9538999766842
"206",69.8750971231057,1,5,8,0.36008728907279,3.20262119083477,0.958559945746086,-0.595479985439842
"207",65.8004916389846,1,12,3,0.257395099151501,1.32423193547515,0.741455662049927,0.293595082799193
"208",88.0223170753049,1,8,8,0.475603390541348,3.23065957657111,0.99288579266509,6.96605480602218
"209",71.8181419887188,1,13,4,0.638555696758933,1.53950014830602,0.599184695243658,-1.33764301768924
"210",44.8506532313154,1,7,1,0.458601933913937,0.556322466925244,0.724106496596981,7.13667503262718
"211",65.1239897126855,1,9,6,0.57754698605448,2.07770427486465,0.555623862322755,-4.56748319732299
"212",104.919685657152,1,11,10,0.555292083090346,3.39900932012033,0.591600044978594,6.8180607093568
"213",92.2410015989816,1,10,7,0.523347323696467,3.287416728602,1.02702974926885,9.01252658230345
"214",68.3001662066949,1,10,5,0.333833476761454,1.92211176688651,1.07735469107624,-3.87202505128891
"215",51.0461445054147,1,4,7,0.61310040550362,2.26174829470715,0.42883352748889,-5.78566566350126
"216",60.3875996182536,1,8,5,0.316500942434666,2.25193061409946,1.07486458687281,-5.28309409103827
"217",69.4214805578867,1,10,3,0.783526897330152,1.75476939132096,0.8154123469309,9.34713131394805
"218",92.8886596603646,1,12,6,0.160220054637076,2.22239984598633,0.407670358741638,14.3456967681663
"219",111.229809874231,1,13,11,0.330090607564379,3.77646488114307,0.623556191175017,0.817418622679389
"220",78.5514182564784,1,9,5,0.509213749760166,2.74019889447105,1.40282234360746,6.1219834258485
"221",58.9044661061821,1,8,5,0.316384774367453,1.96491945945333,0.902629837881881,-5.03237485609949
"222",80.1601610572034,1,9,7,0.357274967296449,2.73140267070162,0.680881132784501,3.89499189073415
"223",77.9129952084444,1,10,5,0.396793911661884,2.107460140423,0.870575447639279,7.25462496085438
"224",48.5017086527739,1,9,4,0.435645267119332,1.30838513132448,0.297606102681292,-8.16795490134498
"225",75.5327005878167,1,8,7,0.498717407873849,2.57297399303176,0.553556766243577,3.81061931361452
"226",52.9086771937744,1,6,5,0.314234921661074,2.06109744991945,0.789256518215184,-3.37071596214924
"227",92.2677799771983,1,11,7,0.55716944478396,2.12380308134968,0.44584569847176,11.6645713618155
"228",79.2476453971448,1,10,5,0.331907846730957,1.82307654239206,0.490654053046268,12.1039301011255
"229",85.0999235503272,1,9,6,0.447764921646532,2.63426985693989,1.17084557936962,9.76189187369462
"230",93.4031890463007,1,11,8,0.294675645084294,2.3351223222649,0.260085162674467,9.30654597051972
"231",79.1972908499243,1,6,9,0.420961347780505,3.07689363543473,0.681633144587842,2.74210199128338
"232",88.4663339662684,1,10,7,0.338325060428164,2.57342548025786,0.513177007138398,10.3792265897911
"233",47.670653165829,1,6,3,0.301668310374587,1.26833788713028,0.790037882090602,2.18499608291288
"234",45.0689580957159,1,3,5,0.313795317302293,2.08769241083044,0.817310527691279,-1.27241993810268
"235",100.259499995306,1,9,10,0.229548341631011,3.68817904605266,0.837438089891418,6.79911198918668
"236",69.6509309994101,1,9,5,0.587277506099419,2.0612828083777,0.846861925438391,2.52364151369029
"237",73.0061431468882,1,9,6,0.244344558081618,2.20226679312515,0.503202312183047,3.83037019657651
"238",95.2072798828166,1,6,10,0.383536293752471,3.34429762214642,0.516899485644838,14.8909048050021
"239",93.4498846466711,1,13,6,0.567856260613834,2.10111229093901,0.534539231379519,10.3179290557759
"240",59.3680532103142,1,7,5,0.198786027165238,2.18727651189929,0.829455307162103,-0.705919498045882
"241",64.9148714609471,1,10,3,0.431922480180807,1.10242410931826,0.327757366171079,9.80013198768325
"242",83.7292939667369,1,11,5,0.489318821576924,2.39052117616374,0.956350233938892,8.61183953254026
"243",77.1527869057679,1,10,6,0.280005082729037,2.33080071792011,0.806630231275802,1.87828919549369
"244",70.3610198143356,1,10,5,0.185877173356303,1.99063193114561,0.981529171975112,-0.985983465414731
"245",96.9586188039925,1,9,9,0.533469251918385,3.01635130344503,0.531330116929752,11.5590129671865
"246",70.6845420241663,1,9,4,0.422882380256344,1.34308584360629,0.534810799780217,11.9953160342524
"247",49.5528666901355,1,7,2,0.50417664103558,1.2620658580149,0.46174222735879,8.30966013768542
"248",96.4340762480017,1,9,8,0.540944210949806,2.90428227119178,0.933798065921801,12.7613236964969
"249",50.9247479994618,1,8,3,0.716831975663753,1.38989757095809,0.527097622251802,0.477131216190284
"250",94.3881695834815,1,7,11,0.384599887062892,3.75899400468829,0.409085607339098,6.16209654490704
"251",96.7353764317541,1,12,8,0.43329263736279,2.43072600023941,0.269989809726625,8.97676044739342
"252",86.2652886407769,1,12,6,0.42522642708403,2.11503715805283,0.466898312471194,7.17316980171568
"253",57.9522582666397,1,7,4,0.34328508880281,1.70305631983832,0.785302001878283,3.64669407774214
"254",83.0597318434177,1,8,6,0.373541927875042,2.51687725123817,0.942771242111458,13.1994510017183
"255",96.1011299701599,1,8,8,0.498700419675569,2.86883445152044,0.667858660919473,18.1230625151106
"256",106.438296960383,1,10,10,0.274600465172479,3.6083667022124,0.876581541619774,9.30188502946071
"257",105.342932467101,1,15,8,0.493064635766877,2.79698196117874,0.629351651182724,3.96355785452683
"258",48.903833251904,1,6,4,0.481705191209171,1.49585622575634,0.512308955374824,0.415558686273604
"259",69.013707955463,1,8,7,0.31932187088602,2.71205840556164,0.905623744777834,-5.69718302876406
"260",85.1544428185414,1,13,6,0.371762477841381,2.40465589540318,0.67139770595646,0.686988706399119
"261",77.8951374955899,1,5,7,0.335766977825553,2.80860370173807,1.16802654570525,11.0736506232324
"262",63.5003075927058,1,8,8,0.411440622507533,2.95980867432535,0.756593340874131,-15.2617495184668
"263",82.0439151363526,1,6,8,0.426405277001612,3.03054026436779,0.659425715503648,10.8183556955532
"264",91.9570657430614,1,12,6,0.401171192279398,2.16689501535751,0.88884989410146,9.28312890188399
"265",53.2780600807165,1,7,3,0.627071064603764,1.37779579286027,0.526415699452962,6.30212977368912
"266",86.5247232959558,1,11,5,0.493974815249947,1.69783989378403,0.87727848463,12.7613592421298
"267",79.602595956403,1,8,6,0.28820570964375,3.08610486436927,1.56804744742695,3.97196910786114
"268",89.6953574550422,1,12,5,0.164513404151093,2.20241908421782,1.41244919880236,7.72965705839386
"269",90.9341168479744,1,13,8,0.348043169616625,2.60603053354455,0.367167831341588,-1.1649493706095
"270",58.5126183114364,1,6,7,0.353377470822907,2.55333432252465,0.609043174907632,-6.7687051628061
"271",101.028883693237,1,10,10,0.169303374473878,3.34044575833586,0.9330281516766,3.74941943613318
"272",84.0182606230326,1,8,8,0.289427920136584,2.67191204425975,0.681381448258178,6.24908766132219
"273",63.0881712005868,1,10,4,0.603960095466,1.7183989619605,0.649678760202912,-0.449905404357806
"274",30.230830118149,1,7,3,0.338103384783791,1.00754784197107,0.263910256966989,-13.996425913215
"275",74.7593034457418,1,9,5,0.619384088294802,2.12031036521147,0.620245208006224,9.45730288030116
"276",68.5373800782925,1,9,5,0.388835771541815,1.51930316834401,0.301778824554466,6.64983332076584
"277",44.1994739962151,1,8,1,0.651659504241632,0.507992985382696,0.383394345242546,5.87997280825
"278",49.5388290702433,1,8,4,0.220257246152978,1.62725176402704,0.483379124804662,-5.48096168983473
"279",54.7885885745501,1,7,2,0.388274242081679,1.24335333644735,0.878480959900754,10.1330306296874
"280",58.4540023693763,1,9,3,0.466697308568601,1.45828016645294,0.582322922617995,4.22419126779105
"281",78.855608715905,1,6,9,0.127307805102071,3.41207798386313,0.677287485473129,2.27793117100636
"282",59.1785698612145,1,8,6,0.41854815303661,2.64661361044188,0.918484770048081,-10.6344447094532
"283",75.8475698321464,1,9,7,0.179343359436213,2.26558140920084,0.486831439846221,1.78499831257559
"284",75.8653300843143,1,8,5,0.64291675026296,2.22011264549723,1.16547990420376,9.26943619334773
"285",87.9543273564657,1,9,7,0.319187986336421,2.98838626375648,1.15300744506909,7.48916576232702
"286",91.7192192888192,1,8,10,0.407145860198647,3.51865697464745,0.705999395597025,2.82587987503759
"287",73.1449958705311,1,7,6,0.396804925014385,2.30653232476668,0.311002127575516,12.1879627191215
"288",57.7166323055324,1,5,5,0.406548712099153,2.68779300253772,1.46233063587299,-1.49866726559791
"289",61.4643152859719,1,9,6,0.594456971524929,2.21411009680857,0.396068147114096,-7.03344142951006
"290",73.6705969659781,1,7,6,0.314728332719943,2.38747541487231,0.371992262105307,12.1695495497892
"291",92.6391905379528,1,10,9,0.406698643554283,3.08779364431775,0.324262861387927,5.58356967184388
"292",85.4503113582384,1,8,9,0.422538155324875,3.14235954525226,0.714627359173345,1.85155910273507
"293",47.2994142995635,1,5,4,0.416699478669364,1.70961393784046,0.671967679323028,0.695252168207947
"294",71.7072827946469,1,8,6,0.2320172936017,2.18381129710773,0.466790909679888,6.26321748006705
"295",89.847684867368,1,11,5,0.519425339016935,1.83332052953835,0.622957069942224,18.0698697469048
"296",54.7409414064595,1,11,3,0.253306670974363,1.30473834999592,0.43991587150187,-4.8110742667367
"297",60.8464308132902,1,8,3,0.508296304590469,1.36320604250762,0.511838738508657,10.6788015845556
"298",71.1018280419197,1,9,4,0.321458102111337,1.55619208442453,0.540661207824864,12.2112069504995
"299",89.5497332372221,1,10,9,0.316571754640313,3.11513504879024,0.317124220767697,2.580811681199
"300",65.5822032883862,1,10,6,0.415870957594108,1.9046800061947,0.177347883530516,-4.06172151402127
"301",84.2764945494811,1,9,7,0.360305398327603,2.58325742519839,0.679994515896153,8.16509995175849
"302",94.9429632212883,1,10,8,0.375514492656573,2.98442974068394,0.667768704110485,10.1239676704824
"303",65.9545172058866,1,11,4,0.490590922272965,1.68081900355912,0.583007555793033,-0.317919819697787
"304",55.6921566182138,1,6,5,0.620120493579662,1.99322759548492,0.503838427271042,1.69461393750431
"305",80.0295977078113,1,7,7,0.464027778187043,2.780011508449,0.855178144994076,8.98767311449982
"306",90.8681680986078,1,9,8,0.441488633957929,2.83172306491499,0.557494795027924,10.4885955750835
"307",40.5251060693553,1,6,2,0.441595535059437,0.887158036262318,0.633785418698335,1.64919319499128
"308",85.1587867646455,1,10,7,0.277790570723293,2.85470223448255,1.07291773338139,2.1249012273253
"309",91.7564481311873,1,6,10,0.23716107116537,3.64346289725956,0.501715124839411,11.3562815425775
"310",93.8219607090331,1,12,6,0.518662211563541,2.61763280545763,1.045938929949,9.3072435650658
"311",87.7818861110719,1,9,8,0.363682169796891,2.57835381192876,0.241410810343011,10.3574721903838
"312",57.8393508146886,1,6,3,0.614657503181871,2.13654795421937,1.59190208303567,4.56203086106049
"313",95.214744347998,1,8,9,0.699172908568402,3.04303916446058,0.577566948006355,12.700639075143
"314",74.0670855365181,1,10,7,0.419193312026419,2.19268257557298,0.345938805808644,-2.28299899506336
"315",103.534330928352,1,14,8,0.582195826196316,2.55291422951064,0.405201563932025,7.62840606609467
"316",71.1198279826296,1,5,7,0.428225239456076,2.65465262187478,1.12255795499997,4.77875339508143
"317",53.4623237374883,1,4,3,0.501161696589138,2.17491156436142,1.98530717506574,3.71013488462117
"318",85.7401669078664,1,9,5,0.204805516349164,2.2056258806807,1.13128619401402,16.3088536876584
"319",81.0099641868942,1,7,8,0.5136350468355,2.86661949055145,0.651331527131981,6.56397884033282
"320",59.1853092191728,1,4,5,0.304914253317963,2.33498778567129,1.26654754883205,5.42837347132152
"321",78.4107459431679,1,9,3,0.471572262959834,1.4351504177294,0.88481037301554,21.660245034332
"322",77.7890631278394,1,10,5,0.40974728331086,2.17925222898739,1.01496745911771,5.83823587227674
"323",35.2963390289449,1,6,3,0.469265196227397,1.49525249752466,0.466380753830342,-7.7980709184911
"324",86.3349223177827,1,11,6,0.354737348643416,2.28289790261475,0.401414661492368,11.067298849446
"325",77.6482007013315,1,7,8,0.443330588155913,2.95009366673229,0.492872436612486,4.49198021416079
"326",66.7883287664844,1,10,3,0.310530784815665,1.35035301475854,0.567603472565273,9.48378811128815
"327",94.6546171980028,1,9,11,0.408004432877341,3.98876046690672,0.911652909729785,-4.83683037036053
"328",89.1310036398257,1,9,8,0.300272904716022,2.75475552122018,0.401441748499757,10.2239736883779
"329",47.5501240622213,1,7,4,0.303332450128446,1.69207187655743,0.570320265518882,-4.91463751477184
"330",84.562864443245,1,11,5,0.339939309386831,1.80916964572517,0.376243532567587,14.98928553832
"331",82.7083773360613,1,12,6,0.637152796553498,2.3133231366246,1.0290610522244,-1.43135031718038
"332",112.240880656308,1,11,10,0.554600959090126,3.36250248069258,0.446793099599328,15.3925555635271
"333",92.0216056918309,1,9,10,0.459180944673132,3.3322383807191,0.551084881099394,1.18474574307301
"334",79.1169577813399,1,10,5,0.408049286576781,2.56254309537012,1.65759194670116,1.38581276173397
"335",73.4428069683763,1,13,3,0.296371591724215,1.39409965718118,0.438597517238189,6.98666521135978
"336",86.7609973991836,1,13,6,0.470148260765605,2.37796591690528,0.863841266546991,0.644675886824232
"337",65.5316285703895,1,8,5,0.52962951222194,2.08787635049172,0.664105371112406,3.34748939522036
"338",86.2263687619571,1,9,8,0.42048919530982,3.02617389677064,0.752443918354153,4.02737243382573
"339",86.974823327158,1,10,7,0.318281339870269,2.19062315850285,0.540786642506133,9.05062356768148
"340",105.092482492912,1,13,8,0.460181404719287,2.91146649579509,0.546340621324156,11.1156459351628
"341",90.2978029347968,1,9,7,0.52270101863438,2.41451675124402,0.4701513056557,16.0203946048643
"342",65.093592371653,1,6,5,0.295162490505659,1.71988626770867,0.441793096409512,12.0855465998011
"343",120.441277378413,1,8,12,0.286679824813592,3.93207653925857,0.883354886507786,19.7170118976012
"344",85.2353170967048,1,11,6,0.267970033353112,2.85364396682412,1.5370678714572,-0.0904790103716042
"345",65.3626293001315,1,9,3,0.244532835193657,1.39781482343898,0.801472655473078,9.48572446960252
"346",92.0379745721836,1,10,8,0.416337202054771,3.12912096191125,0.626928584509091,7.39285117916314
"347",59.4250276808997,1,9,5,0.414488265140085,1.9128830392777,0.674513357931673,-6.00246052408807
"348",60.7922708752027,1,10,2,0.371418539503017,0.790710440895428,0.284249980587841,11.3910094736676
"349",71.6664995711819,1,11,4,0.399062636068956,1.4665452629716,0.259035518505559,8.38461837112219
"350",60.5732220379233,1,10,5,0.39584297138312,2.1025928749759,0.854371911974601,-9.94360068046916
"351",73.2511047994393,1,13,5,0.63344938628705,1.96169931073378,0.266776656110693,-2.53158805439656
"352",114.903015293407,1,10,11,0.185763546239271,3.76492217140938,0.567155763671334,15.2625265794149
"353",50.2756790207994,1,11,2,0.688646716928742,1.15824770870394,0.947293904204347,-8.65302551337827
"354",108.554533458674,1,10,9,0.131434830075593,3.11479509300211,0.554170619206212,19.7058442662944
"355",64.2938326121711,1,7,4,0.478127176811656,1.81306659154732,0.757469131972102,10.0311490059712
"356",52.4852873983946,1,7,2,0.402081053997252,0.88778102485018,0.647727791312441,10.1153442941216
"357",94.351412406861,1,11,6,0.320175888178299,2.69979197387884,1.14421667784472,12.4480948061795
"358",93.7298418527108,1,11,8,0.747363717027486,2.81516499014211,0.681205879222871,5.34412924688008
"359",61.0296677590411,1,8,4,0.356838570690624,1.51270590722519,0.6011357267113,5.05331860502663
"360",84.7278218225259,1,7,10,0.355989348951788,3.76655677608718,1.01315785271623,-3.56285452574874
"361",104.071511583747,1,8,12,0.311817045425313,4.16091788284815,0.578354526569763,5.66532545045763
"362",64.0624271028192,1,8,4,0.440287325460202,1.74683875135856,0.91923639621329,5.12983022799289
"363",57.4675680410519,1,6,5,0.627465445253421,1.93595459663325,0.44786246813452,3.99308944493668
"364",91.1912306813576,1,10,7,0.285361871795297,2.26073223469408,0.502270339225113,13.5402104740953
"365",98.2025897040129,1,10,8,0.379576252190616,3.07519925936999,0.782796717106919,12.3241522696304
"366",86.905697142924,1,10,7,0.308822063090352,2.89733828308961,0.83943840927108,5.77178298410315
"367",77.5587218337188,1,10,5,0.257056065972426,1.99117767009862,0.476255669105734,10.4127629035486
"368",63.1112128301418,1,7,6,0.485944363024288,2.30561565597763,0.377789496036996,1.54059878963882
"369",55.7649782979434,1,7,4,0.681428541252611,1.80008367495498,0.782782797836304,1.18066199641194
"370",69.4827964077039,1,12,5,0.435103854501887,1.74243729388356,0.476795220667347,-4.32578305248649
"371",75.3317174191154,1,9,7,0.561125176052261,2.49639491552682,0.749838216039371,-1.39999361677349
"372",53.0135759669565,1,7,7,0.582934244257636,2.39113049284918,0.297367065672349,-13.025198424095
"373",63.4921955267003,1,7,6,0.321721847647409,2.42298433407832,0.782135669531794,-1.49376154003355
"374",83.2276068978295,1,11,6,0.402541071375479,2.14419255128486,0.675719512654246,5.76584579742369
"375",55.6115438571404,1,9,2,0.407732853058482,1.20202830657805,0.57204311751296,6.75971365161837
"376",108.511542512072,1,12,8,0.654515098816513,3.51651018667283,1.23481285074912,11.4298953198171
"377",99.4745071170102,1,11,9,0.677867643417265,2.93957078372333,0.644720559995306,6.31256304327593
"378",84.8699213606057,1,5,10,0.382649790626049,3.78482333170708,0.606090478782978,6.76434813274597
"379",57.6882997542969,1,8,3,0.531126210982747,1.69877521573078,1.19100857411311,1.46637678942638
"380",62.9540950994423,1,9,5,0.381189809564958,2.20030742734009,0.962961130075062,-5.16379970626727
"381",110.378982801881,1,11,8,0.399521390041933,3.47402884885658,1.26279024370132,16.6578030719084
"382",41.9158271355568,1,9,2,0.595861364132328,1.15348756494121,0.671873632223534,-7.83891575854151
"383",104.673962813422,1,10,9,0.405949183803576,3.41160030104025,0.982165219191449,11.7686051608917
"384",101.020937664277,1,7,12,0.677147342396492,4.27695029609681,0.77643812545892,4.01561870888763
"385",91.0599643475105,1,11,10,0.275057006711156,3.44487170204772,0.655805944781382,-7.45871149472756
"386",72.4470546038597,1,9,6,0.502215468284189,2.21306524237398,0.692741736704152,1.51362949220034
"387",64.1429950958465,1,11,3,0.688370726189665,1.12229785534087,0.511951267559926,3.90728415728841
"388",100.584340822064,1,10,8,0.39030440451467,2.91578810736675,0.556205466977383,16.7622441493785
"389",73.189654282794,1,10,3,0.425590203114408,1.83981483142964,1.5261009502832,7.27523734711687
"390",92.9517935974363,1,10,8,0.436595067327121,3.10737575413488,0.919434243196692,5.85921316005299
"391",55.2728037095843,1,6,4,0.404933413852044,1.93964028993672,0.521383304198334,6.31058361607031
"392",62.405780160436,1,10,4,0.507307441290779,1.36732391493836,0.439989076808838,1.03816353552898
"393",60.5272274496948,1,7,3,0.44823761054184,1.72307342676656,1.3636820119321,6.28028255637351
"394",112.42308256848,1,11,13,0.38394651332414,4.21734325610989,0.561135276053023,-1.13816491447011
"395",73.5421326695267,1,6,8,0.581269886259269,2.65413190250819,0.607175430123827,3.03896522222276
"396",82.0164002988523,1,9,7,0.420886324634089,2.52614358371634,0.607997153921216,6.53054882741726
"397",69.5793664541504,1,11,3,0.521889704148389,1.3561858182614,0.420147859460609,9.98080479393082
"398",82.1406083763294,1,11,6,0.468541601507686,2.53179178301026,0.858790617359375,2.71385044659577
"399",92.4745667564244,1,9,7,0.562395372881663,2.88086594076242,1.11564867334604,12.2848147358263
"400",88.1356827780743,1,8,7,0.099340744485773,2.99245601212106,1.32803190446649,9.72815432174325
"401",82.7069388436573,1,8,9,0.468651643827417,3.01165282856322,0.68718252507699,-0.558238181849088
"402",81.3660066879576,1,11,9,0.309245993253337,3.05277398501713,0.913327337391115,-13.9442645270969
"403",71.2060819535122,1,10,6,0.341203733311758,2.09782532228138,0.457406734095263,-0.938682175156428
"404",83.6152187506172,1,7,10,0.505016218213842,3.40250343827449,0.50865717963562,-0.163014727524851
"405",72.2860793395928,1,11,5,0.533675008751776,1.68092612957933,0.468795417469699,1.94706669801696
"406",59.026830431947,1,8,6,0.330931345607733,2.02917789163579,0.389335820235797,-5.67132715703417
"407",92.8158425086886,1,9,6,0.481024255350072,2.30451100007472,1.22538330233969,17.3294972157504
"408",65.3294683232367,1,10,4,0.224051144704119,1.47120716073158,0.502162001446965,3.50566966352819
"409",76.0132719642303,1,10,6,0.414112719593759,2.37895733638418,1.19880607361435,-2.6841240222707
"410",70.1480871518673,1,9,3,0.39645355363167,1.6808769689877,0.862772505259142,13.3820490065238
"411",65.6727423026471,1,9,4,0.497269732909871,1.516791394105,0.520597260453866,6.88457208098371
"412",95.017272272093,1,11,7,0.331031108775781,3.03896604570744,1.08573171091067,8.25954118947044
"413",67.9336702033147,1,10,5,0.379111099386794,1.87025123841627,0.380329952645606,1.64118070304323
"414",69.7702280560435,1,9,4,0.467059803843839,1.99827987622087,1.22838905847469,4.57324420632894
"415",87.4033719376425,1,10,6,0.301942984533795,2.14441988833779,0.78151062986065,12.5130969677549
"416",106.178598076348,1,8,13,0.244142945134923,4.27497385423864,0.226982520163239,5.65048528565759
"417",77.3032279567612,1,10,5,0.307154904770798,1.83443498259404,0.436576915600414,10.6172539402612
"418",56.5870052159494,1,9,3,0.332573697198964,1.08120139623641,0.326487289117906,4.96376637280319
"419",93.7672457669107,1,15,4,0.573146892658484,1.82488335707682,0.648885567585299,13.1478355065223
"420",81.5256455261995,1,12,4,0.577206125388019,1.84193502307304,0.391321890734441,13.2502829457243
"421",73.9821008993932,1,8,8,0.316145166188542,2.80643611213234,0.660362403794838,-3.76106650432889
"422",66.1952123203967,1,7,6,0.465799034143384,2.21099191630295,0.58984232404157,2.95006546165855
"423",64.9715124548367,1,7,4,0.455783799052562,1.93836308468557,1.25872435932827,6.38639447236211
"424",74.5405474804217,1,9,6,0.427533228077555,2.1077809067582,0.412082682859527,6.11475210079689
"425",82.0574943846531,1,12,4,0.392667605269382,1.77087337382812,0.845027713752258,10.1527876521444
"426",74.6736382061361,1,9,5,0.415846996063368,1.87823515902806,0.741940939877297,8.71359095450073
"427",56.1096583361482,1,5,6,0.471704540635105,2.10151030037532,0.398590768336181,1.37696285736787
"428",71.6853280114252,1,6,8,0.522213368999759,2.68113487978623,0.413943847563651,2.81373679070446
"429",79.2062813556864,1,9,6,0.408287894510176,2.14676028438646,0.592834595449239,9.23473773282021
"430",93.8087705853251,1,13,4,0.378535533372892,2.06483339315189,1.4187361944999,13.3994318383503
"431",76.6687067961166,1,10,6,0.362470774180417,2.37983852374549,0.875434591123057,0.717735242429208
"432",81.2288725188022,1,6,9,0.514330003774919,3.79664591286464,1.26813612279659,-0.928714827818705
"433",82.3305167722532,1,8,8,0.490583898922941,3.12808012221484,1.30590647520372,-1.26152808102666
"434",82.0348849491219,1,7,7,0.504269561111914,2.35041153505973,0.454195869423961,14.7666663742338
"435",65.8103308541927,1,8,4,0.394004960429751,1.95279833420338,1.08172646209056,5.3346272621708
"436",96.9015067250931,1,12,7,0.457787043186401,2.68040863953992,0.883067100492524,8.72866221550415
"437",81.9366554364542,1,6,10,0.593348662165331,3.58077803098562,0.400472453962908,2.23589959488092
"438",91.7546886102063,1,9,6,0.330653038984861,3.00234926256253,1.81192219528905,10.7338010838248
"439",72.8606308909182,1,9,4,0.365625371803694,1.79724197774577,1.10838390590696,8.93358888047177
"440",95.8252040645395,1,12,9,0.459811859408528,3.1530519404495,0.716204866780314,-1.41985587250973
"441",42.0242967352588,1,6,4,0.408859704864831,1.56497352418265,0.505767070080761,-6.43443600052114
"442",82.1018479479515,1,11,8,0.450767891164134,3.15319746110108,0.847799660368408,-7.84332739494273
"443",64.922572295848,1,8,5,0.291258420326795,1.96519161154964,0.495634759698945,4.41929365063114
"444",82.758791496337,1,9,6,0.365221136994252,2.83224094234505,1.27281990332801,6.41573068384012
"445",77.6895891183169,1,9,6,0.302039883330834,2.10877136652543,0.447614024992713,9.03963601185421
"446",88.8513440488427,1,7,10,0.351533473644818,3.23030292339117,0.553545602022251,4.96033798427772
"447",96.9046232809807,1,12,9,0.543861831057156,3.9094312244798,1.19842648478178,-5.19790751430038
"448",64.1906648083822,1,9,4,0.470553532969814,1.79855382683372,0.835765581758367,2.48934797499635
"449",79.1997561127413,1,8,7,0.440278717640861,2.70839500962036,0.564983718973538,7.28133063315873
"450",79.4002420029062,1,7,5,0.168149973932973,2.76897219581892,1.55596812903191,12.6602475388595
"451",48.9843765830328,1,8,2,0.49175250996186,0.826575170963741,0.664215255264849,3.08334176186716
"452",64.4715038418145,1,10,4,0.661071006221005,1.50701771046959,0.203459187351842,4.85878635385684
"453",54.9245195040957,1,7,6,0.247236179399577,2.33135369404286,0.509000318395292,-7.63077857210734
"454",76.0114938330523,1,13,4,0.363548808863287,1.65141549481135,0.608752351100515,2.82842930367866
"455",72.0227253915946,1,9,6,0.488682516772469,2.23241237308492,0.653002642150022,1.41188131438606
"456",85.6971904527142,1,6,9,0.444097030689659,2.98782647098878,0.636609302638664,9.69538762114684
"457",80.1890154544842,1,7,7,0.682808267073781,3.15276777059657,1.52573956164963,3.01035040578643
"458",73.1400410273638,1,10,7,0.308952406133113,2.56391109281198,0.53936257468459,-5.1398871364786
"459",60.4288895119575,1,9,4,0.31293231801926,1.40093519704056,0.4899934059959,2.12425031373985
"460",64.268851869946,1,6,5,0.519729245171033,1.55106750563456,0.209645547713774,13.2449242164132
"461",80.9482599625524,1,13,6,0.594266790968669,2.34065984313013,0.569921917171477,-2.73630405939933
"462",66.6162602450458,1,12,5,0.326315298173735,2.08916382984599,0.734907876634682,-9.64191892743575
"463",48.3079483665409,1,9,3,0.323395445688303,1.5665777037696,0.893068573777611,-8.55444262437359
"464",73.2371229528662,1,11,4,0.509937325723698,1.61261254453429,0.589144677250776,6.96973272399117
"465",83.204529546819,1,8,6,0.500895731853648,2.22983999756164,0.641102784999883,16.0888887161461
"466",56.7609027784385,1,8,4,0.241142532010175,1.64463738692619,0.5877131477818,0.834789430939091
"467",84.6527360317573,1,10,7,0.19077958791723,2.73919128595077,0.818655670202662,3.92236936335384
"468",66.4399060903966,1,9,5,0.517566293918672,1.86377003604599,0.427251030399493,3.07668762264369
"469",69.0285888143825,1,10,5,0.476722202489076,1.63597214974258,0.523539492949534,1.70885160237035
"470",96.5892812803812,1,7,11,0.30064574869497,3.55053471735122,0.40414786108003,8.66351708074073
"471",54.0889668273509,1,8,5,0.276486214301997,1.82697682766618,0.481676443556034,-6.14998385476716
"472",106.052222819679,1,7,12,0.209678121857588,4.16772883167881,0.704616153833692,10.0399114226829
"473",91.3615100053095,1,11,6,0.577529147744602,2.27802610554282,0.583767446041577,14.4333198643706
"474",116.044681288636,1,10,10,0.159199876769632,3.30613534739643,0.777306368482628,20.1136525199233
"475",69.394759094194,1,10,3,0.661032997173459,1.15333336361341,0.393957676865054,13.5355614466101
"476",105.440068298711,1,9,13,0.408337645337026,4.88851784558909,1.64034993362899,-11.0723915765639
"477",93.9761466310256,1,10,8,0.592821920474688,2.81874167180547,0.649023094475244,9.34991781334326
"478",93.3939780502442,1,10,9,0.336501391752601,3.30198543876275,0.650016737825347,3.42995117869698
"479",63.8366328564971,1,8,3,0.39114115240081,1.16011793687672,0.4579479185531,14.3950677123338
"480",66.056273716089,1,7,6,0.173767751882417,2.49284877167947,0.777640455092722,1.12698447050126
"481",54.6063820778246,1,8,3,0.345820479087699,1.49502191743151,0.770605573152678,2.23078105845797
"482",87.3424305950007,1,9,6,0.447644203341891,2.71087350572149,1.14183455212179,12.171560329451
"483",79.9931919092793,1,11,7,0.344025421013835,2.4086839243226,0.630285749539648,-2.31630756378463
"484",78.6499288534687,1,8,5,0.224065963335101,1.90167907506881,0.884561986652588,14.9834895125171
"485",58.3186939472997,1,8,6,0.35576490352601,2.05028092453042,0.623058839491813,-8.37874017107757
"486",55.2254898986804,1,8,5,0.292667895586547,1.69294105472724,0.2378461484114,-2.8409595400545
"487",83.7787287669507,1,11,6,0.592629103747855,2.6641507042062,1.25500239954638,0.816980444306216
"488",72.7624817300828,1,8,7,0.343384725653027,2.80987345352119,0.83037127114303,-1.42854123643164
"489",56.3211345429085,1,6,7,0.279018179102269,2.25640155611059,0.464035812424688,-7.40057874503081
"490",83.3965778729193,1,7,8,0.218162792719413,2.71312175746384,0.700084830457199,8.87184586398335
"491",78.0854278566088,1,7,7,0.319579371563373,2.51682959838514,0.886434020994236,7.13080485893405
"492",68.4345738986248,1,11,3,0.23848947386315,1.0714038294208,0.693615824859741,6.99370345606425
"493",82.7451414094257,1,9,5,0.468378050701196,1.99946487910694,0.963625073564498,14.7701990819562
"494",94.6656839041745,1,12,7,0.549817664658067,2.90226546606433,1.25884885534591,3.05919745440962
"495",61.5141165211444,1,7,5,0.250122662642983,1.84840681979485,0.82441352967198,1.79056245451915
"496",91.7775176944101,1,8,7,0.302301758933196,2.4830851858674,0.631297048484521,19.6101562459128
"497",99.6219993140274,1,10,14,0.342269449000092,4.34438875513097,0.324991896600514,-13.6576830419479
"498",91.9654956777451,1,14,5,0.40838366717123,2.17018588569245,0.808125668346189,8.16202397764194
"499",104.970828644807,1,12,9,0.324475827276746,3.35223527011841,0.73430097162985,7.45577971663198
"500",55.791455393217,1,8,3,0.562052974612593,1.42431498890485,0.909739102351068,2.18810015979563
"501",63.6142999264245,1,10,6,0.526762412562505,2.02596689927293,0.375096879186767,-7.87853820555482
"502",77.1519930817516,1,9,6,0.468193200229757,2.1883190688482,0.240483865174214,10.0626936253022
"503",85.7833073300512,1,9,8,0.353223489282223,3.15688553749078,0.784672850402359,3.22323575561124
"504",80.6779340428788,1,13,4,0.325892244331475,1.56578103922372,0.504806511091507,8.47624296388759
"505",92.4056602804074,1,8,10,0.280574471602292,3.40364249924061,0.506956409717967,5.37523925657443
"506",81.023527273831,1,7,7,0.379968393275149,2.41210382923925,0.667406002494777,11.9772319876705
"507",91.0828421554971,1,9,9,0.146292731083873,2.94730112517477,0.38884401783352,7.1814756418704
"508",91.2104536980813,1,8,9,0.597927723002481,2.77834614558807,0.459708111536227,10.0118027817875
"509",91.5288779040987,1,9,7,0.33925785227727,3.42450853727922,1.57010007874773,7.11197399397223
"510",80.3550108776958,1,6,9,0.43716732502759,3.1195157953842,0.61595617078633,4.39916285268986
"511",73.8833950806597,1,10,3,0.293454607808125,1.33507957186992,0.511370990638658,17.0767264227402
"512",84.698293818583,1,13,4,0.264657031558591,1.48585364071731,0.701580044565334,10.9603735845817
"513",70.1174491158496,1,12,3,0.527234711770101,1.13004744502873,0.413151363818144,7.40058938768642
"514",54.9751611865293,1,4,5,0.250565949498932,1.97624383368816,0.600952056431986,7.20058050911306
"515",73.5776094600116,1,9,6,0.31356982696213,2.32144236720666,0.811899692589155,1.64806777887876
"516",85.3106117882223,1,8,7,0.223038788624785,2.39137116528965,0.635427095923526,13.2478297440002
"517",85.1296704791509,1,9,8,0.584844004277331,2.55505700082005,0.564268848978519,4.88384874434491
"518",53.260800014366,1,10,3,0.279399512035315,1.03429444694497,0.360478629062103,-1.96915462392179
"519",79.1345320659491,1,11,6,0.466438699791152,2.15890887837035,0.479078663740787,3.27149919228143
"520",55.763664385155,1,8,4,0.457818220966492,1.5343844778352,0.447847787233099,0.992667561981859
"521",70.4321624032622,1,8,5,0.428209512870855,1.90578386608516,0.624666339741447,8.82225557562639
"522",68.3145219088824,1,7,7,0.559751343750135,2.27814718046478,0.192847031119829,3.28060886076094
"523",66.415958038576,1,8,6,0.472779439173765,1.80774317139685,0.265767143998362,2.89210319408863
"524",54.6791726203404,1,8,4,0.346748181935792,1.94941385632835,0.868466052041208,-3.97340498229561
"525",63.450851104394,1,9,3,0.511145912188703,1.90368324402282,1.54944400373884,0.625150681651672
"526",50.7525737198586,1,7,1,0.559776446090668,1.04243837131625,0.633321838679908,13.2543660359767
"527",67.7846582499516,1,8,4,0.533538031036191,1.56012065250888,0.667691510287812,11.0958060924034
"528",78.0010939327008,1,3,11,0.209975532284213,3.73866099511239,0.490063629663712,2.81991312904267
"529",52.2645391684472,1,12,0,0.489182241238608,0.7595102395534,1.01616126710194,-0.124235059505681
"530",56.4144519710532,1,8,3,0.629549654427919,1.42843034522084,0.318511139471468,7.73279826161528
"531",80.7549467746471,1,8,5,0.479483844437248,2.39095574880823,1.21815718668838,13.6437803509941
"532",74.3169499418967,1,7,5,0.487596527394841,1.50199187603706,0.256892170104236,19.5645059205471
"533",106.462494860598,1,11,8,0.396821361402588,3.77925124624565,2.10658124564449,5.34986833409716
"534",58.0770830474531,1,4,6,0.181761922679457,2.55387036639728,1.11000204578955,0.490138342815938
"535",95.5620191344617,1,10,9,0.503979488643814,2.8064804067259,0.252724302979976,9.33026688951772
"536",98.0254180811305,1,13,7,0.458815135389476,2.02881065778003,0.288344604031411,12.0992236682529
"537",77.9364347050965,1,7,8,0.611152969620795,2.94204382064538,0.985608756157889,0.548585550952357
"538",63.0024585036736,1,9,4,0.434818163201797,1.62319686593713,0.670477760480641,2.88635755177805
"539",56.5711176729146,1,10,3,0.373848531288917,1.58324524999104,1.25162324531133,-6.75007195646496
"540",54.4436529915,1,7,3,0.622800193018384,1.10907407893464,0.290619711257653,9.71969322219004
"541",61.0177583954478,1,9,3,0.466597068419004,1.67862981704348,1.0286997173527,2.81809271159029
"542",60.2661527788797,1,13,2,0.404327864009222,0.997686505482954,0.76739147973697,-3.62021887479929
"543",78.8516585846898,1,7,5,0.458609162888715,2.0674953944464,1.16996129198825,15.8813228398088
"544",63.8394896316259,1,9,4,0.272490851843251,2.17698178257712,1.35310848346184,-2.46709792313659
"545",76.9453497022455,1,8,6,0.501288971149002,2.50391060473558,0.654131936647819,9.44595744697881
"546",43.7922175972743,1,8,2,0.547680431347038,1.17351056422722,0.450739058248741,-0.696109315050597
"547",80.7816653079739,1,10,6,0.311500247973994,2.60927866346786,1.14439486979359,2.37256958945547
"548",57.7631026260859,1,10,3,0.581669484894467,1.64439479553323,0.66010343755926,-0.775162735881818
"549",97.0925967100132,1,12,8,0.617017197588428,2.88214001697725,0.731448131554301,4.89608206942671
"550",70.7692499724762,1,9,4,0.58577067622009,2.01221487409215,0.895878385957804,8.28019425060645
"551",116.516080296926,1,9,15,0.139657209562328,4.79006509399567,0.416886334348262,0.54037566866708
"552",88.4504938402357,1,10,9,0.413686545189533,3.0791949985359,0.563093253159253,-0.60689641195168
"553",91.6307462168246,1,10,11,0.322668764568096,3.62097373974462,0.534844633902262,-7.67652370643988
"554",65.5703716673182,1,6,5,0.384994462538714,2.08496432165437,0.921352044617971,8.11505349334963
"555",74.2822767315652,1,9,6,0.212627926140504,2.29360975320541,0.954448501329762,1.24372281150546
"556",82.9201362108738,1,11,7,0.565112860424991,3.3574818107076,1.62506600013032,-8.82696771718348
"557",83.696495065464,1,9,5,0.65216708782189,2.38222952378427,0.783744852304668,16.7395085296274
"558",81.970974650147,1,8,8,0.223304010171563,2.9112768198821,1.09092051100405,0.561983131727908
"559",117.037006149031,1,11,13,0.523905352595214,4.07036115966636,0.423372719434968,4.69597093455364
"560",87.2506537685576,1,8,9,0.27197965208562,2.65951085284792,0.228248468545486,8.31066798867626
"561",74.1733233148571,1,9,6,0.446023882928642,2.05333140433903,0.428961492488259,5.6491010438595
"562",119.748761179434,1,8,12,0.279353733562238,4.29908645779165,0.735060334706364,19.9075556699717
"563",27.5480889544493,1,8,1,0.658792315218865,0.339568922980266,0.518536900788233,-11.7424653242834
"564",55.4498560929606,1,7,3,0.351513112781657,1.69025966999651,0.943160274400413,4.82614225033159
"565",71.6063989123596,1,8,3,0.260953686532836,1.56910270014778,0.867518058845725,18.393572305988
"566",70.7959731925746,1,8,7,0.314475874814607,1.89224524509887,0.106315011997335,3.62199632180934
"567",114.586394446395,1,15,8,0.475399954368659,2.98481974454072,0.931554931292598,10.4912733063751
"568",85.3696916399784,1,12,7,0.413981959046004,3.0714854403949,1.28155778842403,-6.51526839860592
"569",88.3279507608932,1,12,7,0.494517298270248,2.79208964002051,0.576864628934297,2.59348785886249
"570",103.426190231505,1,9,12,0.442166767374532,4.02742964690456,0.839354421665764,-0.517116617816599
"571",73.2806451915484,1,6,6,0.693291611977853,2.13052691390813,0.387159891171376,15.082000224614
"572",75.9085589780444,1,9,10,0.296657767200454,3.47571563571821,0.523162480861952,-14.7397161572345
"573",60.5645650396389,1,12,3,0.263338048455928,1.0006337751664,0.449800060335729,-2.17239207142124
"574",75.1697497417924,1,10,4,0.323644410333366,1.83364732156829,0.986809340480316,8.85271731398947
"575",83.6196975669875,1,9,9,0.732024399551465,3.05346502791668,0.365247061161062,-0.541057414413022
"576",85.0404419145725,1,7,8,0.558039718284925,3.02803379236093,0.822040486469943,8.97244420489306
"577",62.2588035313012,1,7,5,0.327251040823667,2.04759126200396,0.695175523063258,3.37538725107163
"578",84.3696733563101,1,10,6,0.46600434242122,1.75146640098915,0.450403737471561,12.5552129551071
"579",63.1951027693539,1,6,3,0.460690714224296,1.45519079561358,1.01650654785673,15.5248425432092
"580",71.7223795401869,1,8,6,0.235280518157156,2.68823388541331,0.89883052530118,2.14280093134937
"581",56.0505827006695,1,5,6,0.490143032810568,1.94130484953747,0.491474131985515,0.686809322767367
"582",101.078869304387,1,14,6,0.646828131815096,2.41105218452132,0.575993069118126,13.8413784601839
"583",80.5812491880637,1,12,3,0.394880103693864,1.59680933266351,1.04180745532117,12.196329168486
"584",54.8588963083999,1,7,4,0.308132846932576,1.73966328195385,0.693591057312243,1.30818843686368
"585",72.9425149163356,1,11,4,0.462058630865885,1.46861145245483,0.633259202324736,6.47729098583348
"586",54.1602055340665,1,6,1,0.414946671063819,1.27507623662984,1.47856630192843,12.8162043585996
"587",103.769523727224,1,13,9,0.328223060258192,3.20589650568345,0.487233113885458,5.07393522874759
"588",63.7575530119532,1,6,6,0.635986656726335,1.80091348762171,0.264914526816774,6.9497655050348
"589",63.454384901235,1,10,4,0.411465517350191,1.62617095111441,0.387670731632986,2.32490049399337
"590",51.5921036079313,1,5,5,0.392554664027273,1.96716238915241,0.450566224990669,1.60465213044087
"591",57.0557735113242,1,7,5,0.349627774646074,1.85486382841035,0.592361793406101,-0.784706046485011
"592",59.4542911223348,1,9,3,0.422684435937435,1.50267810851813,0.545679589796815,5.51429379796093
"593",92.4770242450211,1,13,8,0.264897405733298,3.41639016745032,1.3415927657085,-8.56768359782062
"594",55.5405624882178,1,11,2,0.389457808362276,0.738144251237733,0.429805090835595,1.55838078894375
"595",69.8029956494877,1,9,5,0.264307460969558,1.9431182460601,0.837474358609154,3.06650831452893
"596",75.4364703516218,1,8,5,0.416578105790964,1.5417089266135,0.409272569890152,16.0069249744564
"597",78.0296244732796,1,10,6,0.519414564685021,2.70651607061538,1.23473386458192,-1.36030479863486
"598",105.14026187057,1,15,8,0.458943946004623,2.95680032068028,0.667577869363634,3.30044107963226
"599",105.396250431692,1,12,9,0.476914630876337,3.2099627162482,0.859747675722806,6.87825846084655
"600",72.7473091201383,1,4,5,0.533095527535213,2.12220533843297,1.00425509878944,-1.73049636464703
"601",58.5892016447148,1,8,6,0.338248043590128,2.46180086662314,0.376303901781427,-7.43650082302641
"602",92.9899232494077,1,12,4,0.396583513148172,1.59146806755718,0.76396681768905,5.94318380537363
"603",113.343375271054,1,12,5,0.517107242854997,2.00155217258143,0.791735742181366,9.58097851843573
"604",127.17040641465,1,8,5,0.672008563135971,2.02098760221106,0.817656738885389,12.6778970679204
"605",100.078519399715,1,11,8,0.204504359841893,2.90660052397157,0.656475076975755,6.13482561324229
"606",137.749595643871,1,10,6,0.313275532091559,2.34485640267805,0.806451811421372,4.44257870599882
"607",51.7007997560578,1,8,3,0.148768103732273,0.995216027813634,0.234134908815751,4.44958963195249
"608",77.3129573342171,1,8,4,0.408806771412111,1.4377856549649,0.603262791477689,5.36248016799232
"609",99.4658444851138,1,12,3,0.701965951060275,1.65701493745372,1.43479040696271,-1.46458944146277
"610",102.662109080748,1,9,9,0.598466010181968,3.25419430168546,0.604208404992587,6.3734845710161
"611",60.0393961975334,1,7,5,0.334034539833958,1.98515076449208,0.486310012190649,-1.03117939326047
"612",67.409715654793,1,10,4,0.3459835622459,1.26524885857886,0.26848567368132,4.68159699994347
"613",119.872494934923,1,8,6,0.56843462308277,2.58996406576319,1.28717623332217,-4.07081026459584
"614",123.017469446389,1,11,7,0.352185139075309,2.44746533338107,0.458853649177417,4.10432237647237
"615",141.013692122249,1,9,4,0.27812592064191,2.51005079775228,1.44132384749699,-5.37035454686319
"616",110.100258183524,1,8,11,0.398187658694162,4.07564824369474,0.938253291724052,-5.29563030586941
"617",77.8212937950049,1,11,3,0.210997610209644,1.22835837423277,0.497758849080192,6.88516252237276
"618",59.7882011252633,1,9,4,0.546149245639392,1.83071743334233,0.941960759568749,-3.88267623584011
"619",77.8445514307679,1,9,4,0.437593030644592,1.43425437022725,0.681202652236936,10.8256389633636
"620",74.7117146748884,1,11,7,0.75966001596288,2.23505297326599,0.567009010318545,-7.14200999463103
"621",98.4164641312938,1,8,4,0.536610550975626,1.60510278799609,0.590971641052735,17.3252332278694
"622",106.182331787716,1,11,8,0.499906225723395,2.54719014627642,0.401750460323461,6.56049403928807
"623",113.535332722435,1,11,8,0.452712657511965,2.99306004332745,0.369216708633657,8.76922473207772
"624",114.348719206729,1,11,9,0.540993963402655,3.02367614150698,0.48253467286841,7.54715543508551
"625",112.854361347616,1,10,10,0.536777267704223,3.07727681782094,0.267938052748882,-4.79566147391794
"626",103.35651374077,1,10,4,0.334817385993348,2.11363255437935,1.40838373876826,5.21156734914136
"627",124.415091450142,1,10,5,0.756405013188991,2.0704776791996,0.635346090730387,8.5538636008933
"628",183.110534191465,1,13,7,0.549173823388856,2.67403461147586,0.58369209542566,18.0039816843799
"629",68.5393125027547,1,8,5,0.206115635630205,1.88500332496405,0.619987096947678,-7.87725181794796
"630",100.911538031216,1,9,4,0.348736840304797,1.68659256010888,0.468250930420542,-3.51760444860861
"631",194.851672997181,1,9,8,0.397684945450242,3.20254014607045,0.980961412482518,0.570446018987247
"632",84.7835113659921,1,10,5,0.241569897065242,2.27663677766953,1.07556782885611,1.32716288769217
"633",105.693932777886,1,8,7,0.432849212287905,2.96569815785395,1.21477029596837,15.0644546065252
"634",77.5158281079184,1,11,3,0.527144114311994,1.18763325570042,0.403207345674956,9.22496667996115
"635",114.078701978884,1,10,7,0.540487340327904,2.24728094403155,0.480537467601361,22.470613902804
"636",118.437331994372,1,7,2,0.537876093903682,1.71274241053603,1.52077407548464,7.82736169342271
"637",111.036318574065,1,9,7,0.486898025080642,3.10467291161969,1.09045290029746,4.87970248489828
"638",138.509500296447,1,12,8,0.541965905742979,3.03601500393021,1.28651637514168,8.54156819788084
"639",63.4863190083845,1,10,2,0.384211288414379,0.934733319595635,0.481755929014471,3.27430911201866
"640",99.0107748205733,1,13,3,0.213493186909046,1.57431639457627,0.610085512544689,19.9836442084763
"641",111.526770688642,1,8,11,0.566873863011604,4.03859662352518,0.844359400823127,14.8554307803951
"642",86.5485358755135,1,11,8,0.272265084974138,2.54714992380413,0.11125006425415,-0.496473639010009
"643",102.148059062856,1,13,5,0.488976572522928,1.66833107396053,0.453291760042699,12.1786912610233
"644",175.305366885809,1,7,5,0.237954987595088,2.14868522799558,0.618082211245779,17.0220180907922
"645",193.352523628296,1,8,1,0.272392850349116,0.747429388283768,0.517452390369739,4.89505845069702
"646",92.6518254275212,1,11,7,0.337519772690253,1.94460563642918,0.272661419710856,10.8143520019067
"647",206.911057564902,1,8,3,0.607527087568476,1.27151975090071,0.417417431936998,18.5687151331892
"648",80.0245630375918,1,8,5,0.270719447565598,2.08370103524155,0.608578439643081,6.46637144080905
"649",148.437306998584,1,10,7,0.211161541625825,2.18502026690171,0.274734142402412,-2.1821769894731
"650",99.6138202427929,1,12,6,0.566241317504354,2.59992459409305,0.886412334798525,12.4282872458896
"651",111.848491877126,1,7,11,0.207759087377023,3.95274201026098,0.994206619177373,5.61975881334866
"652",90.3185835434302,1,8,2,0.302408656188022,1.41317269844474,0.67848730806075,-4.17532773643766
"653",161.93371192884,1,4,8,0.413040301880153,2.49548027781156,0.40207542728745,10.2129738806855
"654",107.472439642002,1,10,5,0.311233947047687,1.54783640882501,0.232298655957141,7.78655415490873
"655",91.3459751543022,1,10,8,0.240266400396273,2.91866098728704,0.347559324150281,-5.63634399608492
"656",101.267750387541,1,5,7,0.436487323950414,2.57082676586718,0.683856116476131,18.690639848904
"657",57.2712998730163,1,8,3,0.38091296923445,1.47475251352906,0.763825273036292,-0.0481327155582489
"658",190.583937400314,1,10,11,0.424760773635545,3.80298810596426,0.707822002575022,17.5803880085377
"659",72.3970977507712,1,9,3,0.37878378143204,1.45900871908296,0.763207403781504,8.69987657106441
"660",80.3006681597954,1,10,5,0.301637361211991,1.89246707057308,0.457375300135378,6.38526615135799
"661",76.6002748294531,1,7,4,0.391420203331214,1.54407386054599,0.395351754664466,2.70039410772688
"662",147.129535378589,1,10,10,0.34508644594499,3.18065279577437,0.528706508576872,19.3006960432023
"663",130.202650011019,1,11,11,0.264579188939388,3.49897154277226,0.257224728960162,0.98424323161732
"664",132.997384290165,1,11,5,0.352840965016277,2.42248069432005,1.28883770549706,8.1369622906597
"665",56.3372883323821,1,11,1,0.43723486944736,0.765613522206158,0.750305128548965,1.60677080869617
"666",50.1755020165133,1,7,3,0.501869320306088,1.51621062855376,1.06664894587125,-1.40168134954258
"667",183.204067336899,1,10,5,0.34686906731441,2.23203622008878,0.6941659836212,13.9329154140039
"668",69.5218717121211,1,6,4,0.803621802159273,1.33556285931486,0.483160274953632,19.2455894619002
"669",325.448684678845,1,9,10,0.435035909770687,3.87478609036408,1.01362491713943,-1.80157226135275
"670",136.488884899264,1,9,5,0.530852330050523,2.00206612077055,0.55400265842686,-0.0853149503227328
"671",107.866734035221,1,10,6,0.45539210395455,2.09150759151663,0.567426766251487,15.7356063448188
"672",196.140948164498,1,8,7,0.415920703377492,2.37705708057764,0.540415720154161,6.77484661259875
"673",73.5402471887663,1,6,5,0.636744917007104,1.87529549264459,0.590888036991058,5.91944523519255
"674",88.755657800256,1,14,5,0.696548458123213,1.4574385177675,0.298899485837477,2.76953452657974
"675",131.072547923355,1,12,3,0.319788723324306,1.59385491790864,0.783765936934142,3.90318590120467
"676",84.650837547157,1,6,3,0.305150783401177,1.27455514314665,0.488726924746328,0.687885766100501
"677",105.310579292057,1,6,5,0.356501513672148,1.88747517574339,0.348493613671843,16.8818568532666
"678",88.8577505136012,1,9,4,0.249154206374089,1.61749255488231,0.766945729626309,4.04842130603349
"679",83.5453223429252,1,9,6,0.482634583286183,2.20950361870283,0.335649813789486,14.626779538419
"680",74.4413288467002,1,10,4,0.350375047326511,1.65216139324183,0.508584050448708,3.30683640129336
"681",136.556706234998,1,10,4,0.446432941924441,1.68798421859497,0.83978187563061,7.54669449595169
"682",63.6986794436474,1,9,2,0.342740951091867,0.73769880168662,0.292565065738833,1.69778951909947
"683",105.163223277422,1,9,6,0.549672818057148,2.21820440102248,0.943939759892541,9.08612120246767
"684",75.6840387245389,1,6,6,0.513373353056625,2.29628033337382,0.639797172558663,11.3054381298383
"685",97.8401364334634,1,11,6,0.388500004889924,2.28555818953269,0.907356981291024,-0.700320401847802
"686",83.4126464469792,1,10,3,0.391982074511845,1.63842043891789,1.01896476064973,15.9797327738965
"687",87.5342132361682,1,10,3,0.401493254671408,0.966596419402822,0.456882433787904,7.48890842014413
"688",117.383716135161,1,13,6,0.130897434691355,2.12043919110573,0.523195662717238,13.5898949164156
"689",107.441702224035,1,9,5,0.585195745498009,2.06809883564463,0.796639380075372,5.73071514845885
"690",67.8276432676177,1,8,6,0.587743242816444,2.27273635260607,0.397582810347767,1.66256536240054
"691",77.2563265167097,1,6,4,0.59257607727906,1.65277363225622,0.857373662721729,8.64606847122354
"692",100.41862461613,1,9,7,0.511092563325524,2.74485035400519,0.925513084506013,11.9928088142787
"693",97.7072532063041,1,9,5,0.112723593954811,1.93046852823782,0.923425751983925,6.35237420502846
"694",68.9665403791893,1,6,5,0.430017064304209,2.06372465972348,1.4743658363216,6.86013245578188
"695",117.142117393261,1,9,5,0.23446343016678,1.81561606903621,0.338618460656231,5.74142819661192
"696",96.9890699908785,1,10,6,0.326398352919846,2.68335137885675,0.90981282337196,4.46745188394535
"697",165.438879241635,1,12,11,0.35312603922735,3.95374912816644,0.90393522704145,13.8801985827842
"698",116.591895244663,1,11,7,0.583317298182614,2.2145436749518,0.431521887073588,8.00257733938379
"699",98.3139103278918,1,9,4,0.309672932403737,2.13089203843396,1.13624161859937,3.85278493378087
"700",168.656583710063,1,7,3,0.370552212539147,1.53106461906669,0.916090537024627,6.40802725246582
"701",90.6741712591228,1,9,5,0.460951110446639,1.97998320126608,0.755750521198193,20.469313013524
"702",105.944199016948,1,7,6,0.40334865161166,1.82535281158292,0.583605728982331,3.1745488909469
"703",116.366571974815,1,8,6,0.553236822126207,2.07205601822413,0.45219979994903,6.9640955437429
"704",104.234302399665,1,9,8,0.416109075666402,3.18770225486295,0.723020944723739,11.1235587637227
"705",191.010537029965,1,13,3,0.359066849809671,1.57241902613527,0.713707726555165,8.02753299088063
"706",100.41706290815,1,7,5,0.565423795255418,2.06400544651331,0.537215281333859,-2.29880517872108
"707",122.016868559922,1,14,6,0.401019728737339,2.26287393795747,0.822362384874506,25.0055387517759
"708",102.887851883097,1,7,8,0.494237015418714,3.10638290358071,1.02260003914597,18.0950864414385
"709",135.269683996578,1,13,11,0.511816883151146,3.96130352067879,1.03817346598417,2.08063323174188
"710",68.0916010732246,1,12,3,0.42631848422151,1.56904643843903,0.956654782114396,-0.569136625508308
"711",87.3687660886816,1,10,7,0.534170646392911,2.49881593780485,0.584204077689069,5.6421335104528
"712",150.163166711391,1,9,9,0.253993900227892,3.20839275404523,0.665139508570134,11.61520574522
"713",63.9297532815565,1,8,5,0.46312172646122,1.91089091914774,0.396239080019467,-1.78741894563147
"714",87.7030287820781,1,8,5,0.366263787644414,2.04167964597593,0.545570791505575,4.65879621486872
"715",235.737784985428,1,6,9,0.638173512058484,3.13936206966254,0.60733496137257,0.713905133001074
"716",91.5911258219448,1,7,1,0.267309548929713,0.627405452649197,0.636327392503295,10.6581845429101
"717",95.9721720164427,1,9,7,0.473345924536473,2.50721904266573,0.677423644168718,-0.109413191962094
"718",121.162141298915,1,11,11,0.221446710087159,4.06953930981868,0.948768844879557,-0.40992433394454
"719",103.196830273148,1,7,8,0.30986877277062,2.90407779848078,0.620283788706622,10.0964473858694
"720",107.553656586041,1,6,3,0.456092220550903,1.28883089376118,0.51040184353419,4.30379487426195
"721",173.443389531355,1,12,6,0.376260451858057,2.86621810341103,1.32801064654049,-8.60387427411083
"722",81.8085749259694,1,7,3,0.225987880176756,1.46219270101729,0.665526011179881,5.82037100293501
"723",270.328020601065,1,13,5,0.403183841912451,2.08306795428045,0.98554687118523,-4.47555137631911
"724",93.8264392635463,1,9,5,0.579885826949329,2.33308429423954,1.34112736458007,-7.72004638933539
"725",111.741558117291,1,9,5,0.656455979485555,2.30128105459673,0.894770134371687,2.93033434628068
"726",77.7061914435252,1,8,8,0.481223579271198,2.82250611813898,0.693948629508211,-5.43421731004545
"727",210.367694006451,1,6,7,0.469823367139709,2.8224426980404,0.900449810265345,11.2995788818975
"728",113.789215980686,1,9,8,0.280125519137797,2.85135223796026,0.415027248286912,13.6835595456329
"729",97.6639153564224,1,10,7,0.299371997067361,2.31917444036037,0.59387269548129,8.17658707577881
"730",91.1714383067755,1,10,7,0.465148150198197,2.12330340263577,0.228687189364153,11.8480736233619
"731",160.479715860318,1,11,9,0.355962710859154,3.33559515850262,0.796518317764818,-4.16021079392476
"732",110.421149417847,1,11,4,0.307342858891493,1.82867804787642,1.05552786860717,-1.85836844166473
"733",108.040493828774,1,12,6,0.244545739343025,2.60201642560559,1.47831386896096,10.0739134602904
"734",119.524212658017,1,12,5,0.41693554415988,2.31414374031028,0.861942284154243,-2.08040759568493
"735",79.0080330131547,1,9,3,0.161433638380145,0.937895691093628,0.218177027545396,-1.45940989234835
"736",55.8816197572194,1,5,3,0.438732104689591,1.11063478942639,0.548902407051954,12.8969654857429
"737",170.775496760222,1,9,3,0.303660204491209,1.2524567959078,0.456626080712003,-3.09481523636183
"738",68.5906461262498,1,9,4,0.530143840108888,1.78622807773515,0.880055141639753,-2.50613144532464
"739",131.983078079362,1,8,8,0.47583929510526,2.72740164249156,0.544122614449822,5.19954289842903
"740",115.551908676032,1,7,8,0.695197807543702,2.84796647134707,0.817678131422113,2.6183272162131
"741",48.9243372062114,1,13,1,0.35380353336977,0.672805514534859,0.413309089937769,-6.63254678382256
"742",137.357188186986,1,6,6,0.444884788828341,2.45191675257594,0.721124625712276,0.180893705130066
"743",161.118981706977,1,10,13,0.343311463402893,4.48194716232508,0.82061062388922,11.5379184259412
"744",158.441133150844,1,8,5,0.263683983638161,2.42274654055447,1.51633680307161,7.92294707430531
"745",115.557227848973,1,6,5,0.662564008972253,2.43730481390446,1.32956215075117,6.15406256337558
"746",135.824715930258,1,10,6,0.32662309040749,2.29984014495828,0.736001238760169,-7.85350847453009
"747",129.58689810713,1,10,12,0.269605075472219,3.85929408055795,0.28272889880821,3.1909182312994
"748",109.409565657978,1,10,5,0.199089539652861,2.69508892647692,1.36593541617725,5.12116551182025
"749",118.600466873789,1,7,8,0.42589138125657,2.54965586417154,0.417602816902677,20.4874125188808
"750",86.6898079864932,1,5,6,0.258777434242112,2.42490134147267,0.728478590708628,13.9904200225228
"751",276.476548052819,1,9,12,0.320351904959763,3.66694568794409,0.43530910530062,14.3607947373742
"752",90.3836075608743,1,9,5,0.359095602493267,1.88454505042472,0.573228476174803,-8.13151405091467
"753",131.404182251882,1,11,6,0.489822065954959,2.26969713996001,0.663878098138261,14.8640158479879
"754",100.22497350249,1,10,5,0.447073895317815,2.45090941480318,1.29862434528946,19.5973752500651
"755",123.849123916429,1,13,5,0.258249265492806,1.76284189041464,0.611368526695137,25.5958368424799
"756",104.914144826921,1,9,5,0.16518553933182,1.77980165234674,0.291244889871257,8.98877477605638
"757",165.451143741625,1,6,9,0.45990394608587,3.83807068977198,1.32662344325375,2.79349376087023
"758",123.356420941834,1,10,6,0.170985916639931,2.32415412544377,0.725485617893374,-9.16440392389762
"759",95.0041627840272,1,7,5,0.471476667028566,2.32187669158206,1.42523982064122,8.62738559884177
"760",160.596561153765,1,9,8,0.340982133455867,3.28455423585815,1.45576384076621,1.27900137539705
"761",157.968510112653,1,10,10,0.46526959671309,3.29895556710601,0.547601087571072,5.79054365192193
"762",101.784835960757,1,8,5,0.553547906793786,1.64085455166101,0.392195584123656,4.31740975838124
"763",113.640628256946,1,8,8,0.573486308887852,2.72319208933851,0.671528464525283,11.7325052802625
"764",146.85959829687,1,7,8,0.324222942189435,2.96734970795875,0.89420645826257,9.38638057419194
"765",109.320608427969,1,8,4,0.4496896259409,1.45952988852034,0.452577583768077,10.5896130602318
"766",77.2917007481572,1,12,3,0.460791933874352,1.66413072458151,1.13048798790571,6.05499576484306
"767",98.7408351135441,1,9,9,0.651639800905197,3.18019518982052,0.960151357842325,-0.495615362695034
"768",143.122897296052,1,11,8,0.377561938649421,2.84171252988341,0.585890548360271,12.733166996753
"769",107.568216282388,1,9,10,0.314484271666631,4.00201886423095,0.996623920606406,-0.594134077936276
"770",107.094607686016,1,10,7,0.506898224762979,3.28496536916911,1.57355314480728,8.28765696560797
"771",112.760355097643,1,6,4,0.36690087172661,1.25769745760692,0.268102823152221,14.6304534025215
"772",130.914538148523,1,7,7,0.43864204642567,2.40331258209511,0.777389345446003,8.9179698368259
"773",115.489698167281,1,12,9,0.478010862573072,2.87775365228349,0.20479476658262,15.8048619581593
"774",135.794519092091,1,4,5,0.39857333063251,2.55319073932756,1.94654307844139,-3.94877750452366
"775",87.996905056279,1,12,3,0.534482617107559,1.44229851488706,0.573512369808577,10.6164130647354
"776",80.9048046471868,1,5,5,0.389106401196964,2.15248873728764,0.913570344107959,-3.15513882132584
"777",91.6675607826883,1,9,2,0.462102255334212,1.56889199081107,1.16921375235666,11.4000119188808
"778",168.618851417498,1,6,5,0.78541541633619,1.88674088096307,0.563437207381296,13.12798874473
"779",110.012802853349,1,9,10,0.587327839818015,3.78556536917835,1.40608109600294,-0.536240426145292
"780",58.9123991081034,1,6,3,0.604780385229008,0.900228766188317,0.349057813509966,0.317216477293918
"781",167.023916643622,1,3,8,0.367559829398814,3.02943407044898,0.580595049315682,6.69694826128169
"782",109.744048520273,1,9,2,0.552452786790503,0.81434990176333,0.62134524809593,-9.22107313757009
"783",96.0112468303142,1,10,7,0.43808977995598,2.39146249863187,0.382330390608492,-10.8546448174026
"784",130.882613425834,1,8,5,0.384649047222201,1.83858443239194,0.882676318263375,2.19875849169611
"785",75.2045052587124,1,8,7,0.625945268605517,2.52343144651851,1.02498652408194,-1.50438015125771
"786",143.884073663825,1,13,7,0.290916221884859,2.61492410871172,0.663188008384604,-6.67617944844808
"787",78.3379947011467,1,8,3,0.339760434659081,1.66248971311013,0.865782773663249,11.9990734284699
"788",118.639289916443,1,11,5,0.569473696518913,1.66462211361605,0.363555325562128,1.1791188501939
"789",93.6124951277321,1,8,8,0.605713580410616,3.4864118838056,1.33248557416628,6.3697762726834
"790",81.0525779145151,1,6,7,0.165388637108442,2.6610704939061,0.49731861675377,10.7147978576123
"791",94.8900523347897,1,9,7,0.700504364548083,2.86241705613542,0.830309386523451,2.03273381312848
"792",235.312175774401,1,12,6,0.45471240937326,2.20125712991231,0.846706615094511,-1.07424436792934
"793",138.039437498296,1,10,3,0.429082578937276,1.4741984082831,0.624084087308618,6.06548320925775
"794",78.4229807083063,1,4,8,0.344967239345807,3.01065718562667,0.543876275789104,6.03678246244364
"795",78.902606687178,1,13,5,0.296544382442854,1.75794954948795,0.338807887269703,2.92074425515885
"796",111.075490241334,1,15,6,0.452194929117905,2.47435986843303,0.897825193587495,7.78808178929508
"797",103.928029828459,1,11,3,0.55099234270814,1.41146256809475,0.706909696747312,15.8479304020624
"798",88.4955233790646,1,7,5,0.647057240522807,2.0898302820252,0.756875674304392,-2.14029691143121
"799",125.591024665202,1,8,6,0.43278253295648,2.40374258713617,0.802453269651436,-12.0129949067802
"800",163.600596987621,1,9,10,0.5096524866655,3.80546544152313,0.71279290398818,-6.09812033940261
"801",101.575112826121,1,9,11,0.523878421929759,3.55705562653029,0.66075895749143,4.5533549035048
"802",75.0558980474223,1,9,5,0.42246678827045,1.88837992367156,0.545277881079676,10.7337038497192
"803",74.1328613997566,1,10,7,0.625830711669038,2.19051531684278,0.486674149030222,-3.52121519594141
"804",64.4444480499538,1,7,6,0.414369447288034,1.8898324955391,0.545165029403506,1.92660763905246
"805",77.7270530793588,1,8,6,0.331632435080297,2.31955490523639,0.59911330558958,10.9759669461217
"806",73.2246373755718,1,12,2,0.405904774099393,1.17049898324812,1.09955760191437,9.77431167178332
"807",57.2036388401999,1,7,5,0.411248786937709,1.87345424708964,0.791567219848333,-2.36572932577835
"808",66.9071946023091,1,9,5,0.422505027394019,1.62943527003159,0.516104419148952,3.08897919498992
"809",84.0051484277694,1,5,10,0.212186563665488,3.40636095490049,0.627896012766821,6.19714902742828
"810",80.8341049142274,1,11,7,0.34525252480792,2.67449724702798,0.646041743362769,-1.87429449193259
"811",99.1745657820582,1,13,8,0.600700861268557,3.46710070579321,1.11387100992696,-0.20947192388262
"812",59.6301697475608,1,7,5,0.510272675826394,1.90608481018728,0.624941572480114,1.36841212304472
"813",33.8614938092595,1,6,3,0.516212461680723,1.42445426323128,0.486820340140328,-9.361978788159
"814",60.9140347531211,1,8,3,0.304466173814556,1.5214983168164,0.707943437889063,9.06313185374788
"815",60.5799567403234,1,8,5,0.51061569187482,2.34921042623487,1.15686270464019,-5.99326982001393
"816",80.7479674870892,1,11,4,0.434333018032568,2.14542285013659,1.33476597646106,7.72991062386023
"817",50.3767551919669,1,9,2,0.396498201941965,1.27710533741937,1.01394287881926,-2.25536924869938
"818",75.9080863915391,1,10,5,0.385913767539336,2.08267020608844,0.672147701853001,6.94782722936187
"819",55.8656364197687,1,8,6,0.342752739675234,1.98915157794146,0.535198349383117,-10.0248329367961
"820",92.6211032704057,1,11,7,0.271416708957241,2.47832268918849,0.36838927580327,12.4854606390954
"821",97.2291546717571,1,11,8,0.290151715712552,3.36336707923615,1.2018428700149,4.19621645496822
"822",65.6088538710069,1,6,5,0.294229474009568,2.20116468194412,0.551207802161461,11.2010059665008
"823",49.2347918944267,1,8,5,0.505315273199187,1.96638245738205,0.686194343318622,-12.9988122107513
"824",113.506368092222,1,12,9,0.432079751138832,3.35963567064435,0.639138508153,16.7187211024092
"825",77.8637274835296,1,11,7,0.643191693228147,3.18734373956236,1.41174177279305,-11.9681621634313
"826",80.8392737360399,1,10,6,0.267525102730828,2.07401612809446,0.566419151122224,7.84682167688025
"827",60.753974901851,1,8,4,0.265306024693219,1.72334437993812,0.665571360503566,4.08064747886696
"828",81.0109904853306,1,11,6,0.268065533907517,1.913400470929,0.297223841779813,7.04007042310662
"829",86.5671295425857,1,7,8,0.460686726510151,2.8153146069288,0.413856972103453,14.1990043340818
"830",106.433455187257,1,10,9,0.330673522559705,3.68478527216651,1.01186204074001,13.0506246593384
"831",78.7681568075834,1,7,7,0.314084039387345,2.66008561958831,0.643145264725163,9.71720054067128
"832",80.1931789651228,1,11,5,0.616000312303059,2.39255243378924,0.999068298409136,4.63885263731496
"833",61.9631831681288,1,8,4,0.392662874759683,2.00705981013223,0.823957828175166,3.59927987646937
"834",59.9707249498123,1,7,7,0.549681337063692,2.1353459962224,0.197439000792186,-4.95291745530265
"835",78.16806563175,1,9,8,0.290479130405439,2.21076522123178,0.19723694543611,1.52622259061164
"836",66.7082918954995,1,10,5,0.409175096920845,1.83075788732339,0.223575755764846,1.75399260159892
"837",61.6243323982988,1,10,4,0.536467675556666,1.45397335707644,0.263945469066292,1.63133649573147
"838",79.7252656479337,1,9,5,0.414209159517641,1.79442426497563,0.715388256977398,14.0730545286373
"839",78.1678357113381,1,11,6,0.46595962793474,2.26163019781139,1.00430083540628,-2.20949728064684
"840",127.449420946459,1,9,15,0.372389784562365,4.94801144564307,0.730997166363367,8.53759943262617
"841",61.5338423441732,1,5,7,0.202388675479067,2.9740903578802,0.787890352287599,-2.17996017821025
"842",73.7627941062456,1,7,6,0.504375806967139,2.82770509231346,1.40204586055768,3.05527830106741
"843",93.274207080573,1,14,6,0.715608004065091,2.10723126460301,0.468125078322087,7.20536035562541
"844",86.5727380087987,1,9,8,0.475186376047478,2.71411980704574,0.545259772553712,6.39332428667326
"845",122.114721404031,1,9,15,0.632376792026758,4.89710965688119,0.406789728206117,5.82115195500225
"846",86.0953673208893,1,10,7,0.431785598615352,2.63918374861143,0.573335353866422,7.38109524063068
"847",85.2949029124888,1,8,8,0.282093903209452,2.95571702755332,0.446821777206169,9.21662661447801
"848",82.8326260476305,1,8,7,0.154525076220441,3.5275751846925,2.04179215721445,-2.13871830339562
"849",77.1994082016188,1,9,7,0.234303200162148,2.26964363504812,0.261315138081274,4.99413548659066
"850",67.001941701823,1,8,7,0.595978881205983,2.4253412276837,0.362240846853239,-3.02380996815148
"851",55.190532410853,1,5,2,0.288761060695896,1.75444097114377,1.58930867016812,10.9126419738795
"852",55.2997892192129,1,9,3,0.328390129928954,1.13729154244004,0.847996060150382,-0.757703306447732
"853",42.6645740718086,1,6,1,0.439853708820493,0.774660554682574,0.73991255959464,8.01073579123874
"854",66.9907316525263,1,7,4,0.277076644867891,1.57081299786639,0.609572000117778,14.3332678667498
"855",66.4701558293156,1,5,8,0.273167163400772,2.64635948830351,0.394944012663316,1.34236633659979
"856",59.9092710065204,1,6,5,0.370354423873949,1.93894531625136,0.507269517110389,6.08704909221742
"857",73.5212293909214,1,8,5,0.806433225091798,2.43580826273472,1.21466662960944,6.19836150441232
"858",71.6081036310804,1,9,4,0.334997212539215,1.60517599817831,0.660937536135425,11.650054001841
"859",58.7619555423071,1,10,5,0.363561169106008,1.67843697538161,0.316795569533821,-6.79570091862216
"860",59.3217755517523,1,8,4,0.645629064265994,1.40252387467014,0.302322124282312,5.79236839455112
"861",84.015896822373,1,11,8,0.595983726800021,2.98681062904561,0.641519225456965,-4.11726553659118
"862",55.5601147152691,1,2,4,0.50505934164445,2.01370691244325,1.2214684699974,14.183037049861
"863",58.4285366622967,1,10,3,0.400717710105791,1.2142539677621,0.400164498961552,2.61247027719405
"864",100.107672038911,1,11,9,0.284850462236573,3.22306303236869,0.668848529117031,6.69537108461693
"865",85.4717521865611,1,9,8,0.492921320276117,2.43161694520022,0.401862638943688,6.76873628206823
"866",75.897200774593,1,8,6,0.289487036520054,2.13952176799424,0.599971922247266,9.3442226378097
"867",86.6548332416995,1,13,6,0.504768098139364,1.85527752442846,0.449315731971069,4.52244270983042
"868",53.5079377311873,1,7,3,0.255008497356668,1.08693289704167,0.470291588814676,7.51755038968835
"869",58.5121688344531,1,10,3,0.477070127466577,1.18284352402935,0.525900019683808,1.62552306859982
"870",48.6177816167513,1,8,3,0.310946770758304,1.31072147367702,0.555233496134417,-1.74346928690978
"871",81.4690094756661,1,10,7,0.323536122412642,2.39294727354249,0.508764268571374,3.60832067267652
"872",66.2589822405138,1,6,6,0.439524113035845,2.41026973692303,0.55009002338624,6.56424183932482
"873",73.0015983673053,1,11,5,0.245689097028429,1.78059239891128,0.394650352003342,3.3585295533489
"874",63.6601141418396,1,13,2,0.342384082163929,0.776326307299906,0.267697030345783,4.22970233033675
"875",79.6314491884857,1,11,3,0.468567629688318,1.47409602166406,0.626918652889718,18.210095904735
"876",50.4250420009604,1,6,3,0.224350439278958,1.12900560218159,0.478609407852776,7.74110710924815
"877",85.8036343139094,1,9,8,0.420774152426302,3.35997461336397,1.18133022272995,-0.33197866184193
"878",60.3680357422274,1,7,6,0.584780120554963,1.82926635488162,0.633826110816681,-2.93623801584727
"879",119.230513459577,1,12,9,0.399582243043567,2.98370571252913,0.647046834647955,22.7718649901784
"880",74.2594582730612,1,8,7,0.558316352066317,3.08851349593348,1.23531898625118,-3.74072451862196
"881",71.9522580851967,1,8,7,0.32417847791451,2.8527553792925,1.01149942712252,-3.79159956867366
"882",78.2077473583304,1,11,3,0.436699134140054,1.49064015433721,0.673823100470448,16.3949736795574
"883",104.591307744186,1,11,10,0.253132057085641,3.04079492246797,0.4573421429919,8.15695958633444
"884",92.7855177796831,1,10,8,0.289192833234866,2.84549549809815,0.371238420549818,10.6481038490256
"885",76.1141173413558,1,8,8,0.54373057080199,2.86357652847013,0.499888225031533,-0.47475861986042
"886",72.9628231860862,1,10,6,0.392295047922192,2.11579409477232,0.532281257423499,0.140489500203138
"887",87.4953462785737,1,9,7,0.587354538330673,2.86894157911703,0.864633939466105,9.411066884943
"888",80.3237739010483,1,5,6,0.588278311419592,2.69765391867693,1.51407128146426,15.5549542312198
"889",107.074247230984,1,13,9,0.469445127701994,3.15855466049957,0.596773922553331,7.42112454441502
"890",79.2580600530253,1,5,9,0.569515213252843,3.48117934394326,0.721341784749727,5.37590058923262
"891",92.9090278899136,1,6,10,0.516740032054238,3.38051825179097,0.289563394348578,14.3861331063621
"892",55.4753370363706,1,9,4,0.407676539557015,1.30862814389799,0.404838622190153,-2.07854145765888
"893",73.9321289955815,1,8,5,0.306042011574994,2.16983006509248,0.992678916618123,9.04017082395183
"894",57.5113300089389,1,9,2,0.73380254082807,1.83338646263828,1.49046286046605,0.11777399388899
"895",66.1783270075547,1,8,4,0.14158966798961,1.5265790059989,0.45984062941048,11.504132913714
"896",83.2913322153538,1,8,7,0.192229250401405,2.79231276473743,0.865547319174894,8.91308441930644
"897",60.0818944005541,1,4,7,0.287320292124099,2.76440682929092,0.32159445646079,3.84370196171804
"898",136.287735128013,1,11,13,0.590531139598879,4.46598374412126,0.798927449275931,20.3564421262147
"899",108.33251252052,1,11,7,0.452463727123565,2.53931547266646,0.723702988596751,25.0426137073663
"900",54.577027838899,1,8,3,0.387120843840716,1.67384261875636,0.867085817475923,1.18739184704046
"901",61.8581208112643,1,9,5,0.479876058996987,2.15796675210856,0.913684074896562,-5.86271780537356
"902",52.8481307599887,1,7,4,0.365645326383992,2.21288863391699,1.12326063955735,-4.81953444204042
"903",71.8290835637493,1,7,6,0.593452206827,2.96148483096278,1.49589860479027,0.145979128452053
"904",106.631475362997,1,12,10,0.508439700551153,3.473392377496,0.546076389156451,5.46597749625576
"905",66.5163874866277,1,9,5,0.259210185352239,2.14010525139422,0.905383092936977,-0.984461856648447
"906",71.4701841358281,1,10,5,0.665580457989685,1.93142206529587,0.444918601266751,4.40209754509774
"907",69.7299981633368,1,9,4,0.655997231212179,1.63303703492038,0.274234232875495,12.7997952335349
"908",84.8111845970665,1,11,7,0.385122628012232,2.74822654218737,0.965377301922795,-0.677284858079654
"909",81.4648321537257,1,10,7,0.162819098014554,2.74398267162505,0.914696530003781,-0.0602928287398665
"910",72.0620074568077,1,8,6,0.460038471372842,2.56378285798688,1.12235204045319,0.594444376190324
"911",83.4427055385338,1,7,5,0.389595816226151,1.90410326544064,0.803428841450153,23.7560425151762
"912",107.080542980639,1,12,10,0.454541753661752,3.43238053481764,0.831458262564479,3.59118798808306
"913",71.05595641063,1,8,7,0.345047764646997,2.52251573969512,0.849834657726853,-3.01219911275884
"914",78.6614688923422,1,6,6,0.390087203038519,2.36312590469377,0.798585574541002,16.9561718396809
"915",70.5105196173973,1,12,2,0.331411990330087,1.62494102133919,1.52767020024497,3.05430171980228
"916",85.0851896511812,1,13,6,0.445929377727443,2.24689349485759,0.339507393543351,3.51887642392298
"917",74.2552268005711,1,9,5,0.581069071746104,2.27964775916338,0.822885364741322,7.11470053453291
"918",82.4156876601928,1,13,4,0.591532779184528,1.49400379754499,0.498219347089764,10.1817216795831
"919",64.4838903172397,1,9,2,0.112850868684946,1.21139088666048,0.809241052728816,13.8071640664462
"920",70.4879841029801,1,7,6,0.30444094788219,2.0706715016778,0.595170758084936,7.43521366465957
"921",72.0172929434643,1,8,4,0.362273457266598,1.9296020014263,1.39834897088763,8.92419551222196
"922",62.3393220478003,1,11,3,0.586180612349556,1.15202408846132,0.416346170075654,2.93828176329378
"923",85.8918546708353,1,12,7,0.285506263259116,3.02019338630278,0.902547805287436,-2.68104403783741
"924",42.2718373231613,1,5,5,0.389605951690247,1.59963766657783,0.418042358845108,-7.07311972872963
"925",105.450103532632,1,12,8,0.470327061955405,3.65909976623505,1.3047404342238,7.74898788174379
"926",82.8799813879826,1,11,4,0.420585384221816,1.90696293066191,1.13996629960112,11.7449503101382
"927",77.4055863940324,1,11,3,0.792453112802643,1.39751475842674,0.555847384987348,16.4634817340304
"928",70.805735032497,1,10,3,0.254373585634793,1.39201799516877,0.358185140673223,15.2523377042923
"929",94.6099099154544,1,10,8,0.351291864780668,2.55921256739589,0.331010716395429,13.0594322114685
"930",91.7785310376685,1,7,12,0.556023312567526,4.07514071820243,1.01718762918922,-6.97459975326392
"931",65.4329067545313,1,11,5,0.29452236357462,2.14958430806093,0.962921618216143,-9.38193256469002
"932",66.0908238584469,1,8,4,0.354708762520506,1.7929944789289,0.743898164825732,8.6362595374695
"933",81.2346526649342,1,11,5,0.456305115038573,2.27916329892251,1.3876401941276,2.62552866631669
"934",83.3574414956457,1,9,6,0.432299096627019,2.13087447052655,0.471859603626528,14.4035668966801
"935",107.279230062058,1,9,11,0.381300691331776,3.72847728831703,0.661456272834692,10.1657396671308
"936",66.202967562999,1,7,7,0.437149892244528,2.67653537757612,0.461755626760103,-1.41460501470869
"937",86.1250074788937,1,14,3,0.173301492825202,1.70163074895478,1.03994336742093,10.9838715479079
"938",65.6855732487543,1,10,5,0.78564096736174,1.82249459841993,0.366377698860089,-0.68587860050747
"939",85.5183614462656,1,12,7,0.315422616382246,2.76545006252292,1.01644125649723,-3.77444874066336
"940",88.7986542070213,1,11,7,0.424951346739227,3.24195663467101,1.25007720457733,0.40107824585715
"941",67.6572092074115,1,8,5,0.494475495854863,1.88977229743528,0.389325802205287,8.00041487393886
"942",104.904332020862,1,9,10,0.314446971039708,3.2521230219821,0.507249752695981,14.6026428936094
"943",74.7180051817081,1,6,9,0.330550702386539,2.95863283989134,0.359813522629711,1.13860833029523
"944",85.9534841822923,1,9,8,0.167877939371397,3.27812632017594,1.01084256697094,1.4835535359376
"945",62.997971820513,1,10,4,0.514307157873275,1.56296022118477,0.900597797898768,-2.43859419774543
"946",70.7364709110522,1,9,3,0.573200065011551,1.30088463480979,0.748411698865497,15.2050079667653
"947",79.9677826060635,1,7,6,0.215890744248842,2.57084064399358,1.02453349859335,12.8613261273364
"948",102.94662140087,1,7,10,0.129789677344976,3.49074172535345,0.762637688163717,17.1718492885348
"949",76.040779563079,1,9,4,0.632023132164826,1.87416644670759,0.876486733045953,13.8249106794865
"950",71.1338794361673,1,10,6,0.412392293869252,2.13039190477787,0.457937841110394,-1.0906257102594
"951",83.0385709131952,1,11,6,0.255116042629116,2.42261157335358,0.633069314434301,5.74510747301601
"952",72.1823785094344,1,4,6,0.378574363668362,2.51034130495631,0.702989886660183,17.9397775383316
"953",85.741608494431,1,9,7,0.545902393346126,2.50841351728387,1.05251635714855,6.46451614109166
"954",74.7539151735394,1,5,9,0.508355882530951,3.03862974273573,0.448667017958615,3.64146895043273
"955",73.0913154803153,1,9,6,0.281246529427217,2.31769384790583,0.425150891332901,4.43360622755675
"956",80.9562308499859,1,11,6,0.281916181978047,2.90316382876374,1.01673147465468,-0.0566270750640072
"957",88.5361323469095,1,6,10,0.218915024157164,4.06799220405393,1.20311140513183,1.83065532525387
"958",110.977849806504,1,10,9,0.612381203490692,3.48953436111028,1.10611647539898,16.8295083299478
"959",77.6267719016026,1,12,4,0.361068996420944,1.58545354195112,0.680451656993516,7.30888304305335
"960",43.6077589936072,1,7,4,0.528341972228149,1.53959307497595,0.699088890538882,-9.92118594523224
"961",76.8787698807102,1,8,6,0.239607284299317,2.43933831781722,0.939515997672184,7.20373281186707
"962",63.0393055901509,1,9,4,0.62790442384,1.851750179216,0.721039135174227,2.15408402116741
"963",91.0855178915196,1,12,6,0.389877924812806,2.19975507347946,0.598556936321028,10.8239577980559
"964",96.8629972126431,1,9,10,0.12335240093545,3.51708465656952,0.976954800900512,2.46548078794806
"965",75.6316586384712,1,11,5,0.648657769350668,1.73587333527422,0.412287527251841,5.6433754126711
"966",33.9674330403919,1,7,3,0.422370833609097,1.41409047704062,0.340443152193254,-11.3598024152375
"967",86.4830583209031,1,12,5,0.242289777448191,1.85197800693079,0.633167884828009,11.3670962149481
"968",59.9081059373253,1,7,2,0.465733021725044,0.871111767002058,0.712574177226924,16.971931268582
"969",84.2579232229034,1,10,9,0.668906002570748,3.11872848291089,0.736740950600695,-6.45077284659578
"970",50.8863787949667,1,5,5,0.557929355566674,2.54603263760792,1.17760710764801,-5.88631116022449
"971",68.6654295289939,1,8,7,0.476279335022263,2.43962766812522,0.734628657305111,-4.4308464615076
"972",42.8263242599012,1,5,3,0.434932999350859,1.35230982659651,0.659668505893182,1.67183918419141
"973",85.6692415734508,1,8,9,0.157184423759748,3.15980725432467,0.656907407056215,2.69710144559812
"974",54.7965419120502,1,10,5,0.482521366707022,1.52505636023377,0.188827796643907,-9.60418076001658
"975",69.6631300155874,1,9,5,0.604691728286581,2.33469963038526,0.992457060509688,1.02897603994882
"976",52.4168791470576,1,7,3,0.394770170493322,1.1826376775798,0.255350573761874,8.05243454758208
"977",70.8823483786479,1,8,8,0.475475806337054,2.69877124000213,0.380834295271318,-4.50071642543555
"978",40.8714072582352,1,6,4,0.493390382546587,1.62300429795214,0.454938266546572,-7.26911270823608
"979",73.8254351058749,1,11,5,0.310261860524727,1.95943874895758,0.661546011433442,1.72285274456157
"980",80.7499953445148,1,14,5,0.462905698385867,1.98914455804627,0.554007023684527,-0.770551631512989
"981",52.6311434212908,1,9,2,0.402769506470541,1.36214585758697,1.16867224921436,-1.38951103357913
"982",97.208440427059,1,11,10,0.483502204201204,3.97904978528732,1.10372991672435,-5.73204198123361
"983",52.7161259705958,1,7,4,0.514452602998027,1.54911652787307,0.535415152821679,0.560850597221815
"984",58.6262015572765,1,9,3,0.582265977461246,1.6146099799485,0.761873424549312,2.66249522463704
"985",87.7875575925713,1,8,6,0.64939264978832,2.6750764113451,1.26462176062046,14.9000228021413
"986",82.8725082908457,1,9,6,0.588541226752891,2.36302759830521,0.743599308585653,11.3101217643693
"987",62.1941483586299,1,5,7,0.454070425896939,2.62629877185351,0.82438784080437,-1.6294505315185
"988",108.526516538909,1,10,9,0.397595557602359,3.1513126858391,0.772215667683286,17.6500349099687
"989",88.2763019038354,1,11,4,0.174564621086352,1.85949511233157,1.07191176803418,17.9080091673649
"990",78.7623636758438,1,8,5,0.532933100731079,2.15844416208445,0.994227402942034,13.7326494686076
"991",67.7333458455475,1,6,4,0.327864190557453,1.73918999668966,0.618155132831068,18.2049342187424
"992",67.4799099894762,1,10,6,0.452039390202057,2.38855585236056,0.639440459196687,-6.5511693542578
"993",67.3847036974752,1,6,5,0.398500249091458,2.439005278635,1.1829352100884,7.36994250464271
"994",47.6956784402017,1,9,3,0.48542058155498,1.30850847239599,0.377171199512561,-4.67232045703274
"995",86.555601809398,1,11,8,0.62783894545219,2.82810164212914,0.799618638497786,-2.76599976338383
"996",97.6760423453327,1,11,10,0.395040026090314,3.39748238551801,0.57691688834368,-0.204565917926458
"997",77.4854974933266,1,9,4,0.449476650076394,2.0442727525508,1.22181014262618,12.30833355267
"998",76.7704535865447,1,8,6,0.212691880296514,2.25200601024469,0.735711723324794,9.0108539721938
"999",55.7689566057544,1,10,2,0.65905487955562,1.27461068016336,1.11085464406949,-1.23226601232608
"1000",61.109212951786,1,8,3,0.441801661676906,1.14135243261338,0.542654926146725,10.944478142534
